Municípios;Código;Demografia\População\Estimativas Populacionais - RIPSA\Total\2007;Demografia\População\Estimativas Populacionais - RIPSA\Total\2008;Demografia\População\Estimativas Populacionais - RIPSA\Total\2009;Demografia\População\Estimativas Populacionais - RIPSA\Total\2010;Demografia\População\Estimativas Populacionais - RIPSA\Total\2011;Demografia\População\Estimativas Populacionais - RIPSA\Total\2012;Demografia\População\Estimativas Populacionais - RIPSA\Total\2013;Demografia\População\Estimativas Populacionais - RIPSA\Total\2014;Demografia\População\Estimativas Populacionais - RIPSA\Total\2015;Demografia\População\Estimativas Populacionais - RIPSA\Total\2016;Demografia\População\Estimativas Populacionais - RIPSA\Total\2017;Demografia\População\Estimativas Populacionais - RIPSA\Total\2018;Demografia\População\Estimativas Populacionais - RIPSA\Total\2019;Demografia\População\Estimativas Populacionais - RIPSA\Total\2020;Demografia\População\Estimativas Populacionais - RIPSA\Total\2021
Aceguá;4300034;4307;4357;4404;4424;4431;4420;4422;4410;4392;4370;4363;4336;4333;4317;4289
Água Santa;4300059;3770;3768;3763;3764;3768;3779;3802;3825;3848;3878;3907;3916;3937;3962;3968
Agudo;4300109;17306;17208;17117;17029;16965;16925;16897;16864;16827;16788;16747;16702;16660;16618;16568
Ajuricaba;4300208;7578;7527;7486;7442;7394;7356;7318;7288;7252;7220;7182;7140;7090;7066;7019
Alecrim;4300307;7703;7570;7438;7330;7220;7125;7051;6974;6902;6828;6761;6680;6612;6562;6480
Alegrete;4300406;81962;81235;80590;79956;79457;79088;78805;78522;78226;77917;77566;77184;76810;76427;75903
Alegria;4300455;4717;4616;4531;4448;4374;4307;4246;4190;4135;4080;4029;3980;3932;3902;3858
Almirante Tamandaré do Sul;4300471;2148;2130;2120;2104;2090;2087;2072;2073;2070;2064;2057;2051;2044;2039;2030
Alpestre;4300505;8907;8695;8500;8336;8211;8122;8050;7976;7911;7846;7774;7698;7632;7563;7493
Alto Alegre;4300554;1968;1939;1908;1886;1867;1870;1870;1867;1855;1856;1851;1854;1848;1856;1853
Alto Feliz;4300570;2892;2903;2908;2910;2915;2925;2942;2951;2979;2991;3016;3043;3071;3097;3108
Alvorada;4300604;199106;199997;200795;201237;201370;201445;201438;201379;201310;201113;200677;200010;199272;198457;197383
Amaral Ferrador;4300638;6342;6415;6475;6499;6479;6429;6362;6280;6206;6116;6025;5924;5823;5735;5641
Ametista do Sul;4300646;7441;7416;7393;7393;7418;7455;7501;7546;7597;7638;7657;7692;7726;7753;7780
André da Rocha;4300661;1183;1200;1213;1222;1219;1218;1212;1218;1209;1202;1192;1185;1182;1179;1165
Anta Gorda;4300703;6229;6202;6184;6168;6150;6140;6139;6143;6146;6144;6135;6136;6140;6138;6128
Antônio Prado;4300802;13077;13051;13030;13011;12992;13017;13050;13092;13120;13166;13211;13251;13282;13320;13339
Arambaré;4300851;3790;3762;3750;3735;3735;3754;3787;3835;3883;3929;3970;4014;4071;4116;4150
Araricá;4300877;4451;4527;4608;4708;4847;5023;5266;5548;5852;6169;6491;6825;7163;7539;7892
Aratiba;4300901;6896;6830;6773;6709;6659;6627;6616;6615;6621;6620;6633;6638;6658;6681;6679
Arroio do Meio;4301008;18135;18298;18489;18667;18861;19086;19360;19643;19935;20216;20520;20814;21120;21444;21731
Arroio do Padre;4301073;2732;2747;2762;2765;2767;2759;2758;2748;2745;2746;2733;2720;2714;2706;2691
Arroio do Sal;4301057;6775;7032;7292;7530;7745;7966;8202;8483;8763;9063;9356;9662;9974;10292;10600
Arroio dos Ratos;4301107;13651;13670;13701;13736;13790;13870;13978;14090;14203;14311;14417;14511;14618;14712;14784
Arroio do Tigre;4301206;12857;12892;12919;12932;12928;12922;12895;12869;12841;12801;12750;12700;12635;12581;12508
Arroio Grande;4301305;19101;19027;18937;18859;18789;18750;18706;18670;18643;18592;18526;18458;18384;18313;18198
Arvorezinha;4301404;10361;10351;10329;10322;10318;10336;10374;10400;10428;10454;10476;10496;10529;10552;10559
Augusto Pestana;4301503;7441;7373;7309;7245;7214;7194;7208;7224;7233;7249;7251;7264;7294;7326;7334
Áurea;4301552;3828;3795;3780;3760;3731;3704;3687;3668;3650;3631;3614;3598;3579;3557;3543
Bagé;4301602;118703;118852;118981;119052;119169;119462;119834;120223;120632;120970;121253;121505;121759;122015;122051
Balneário Pinhal;4301636;9588;9928;10281;10609;10905;11207;11528;11871;12248;12622;12993;13357;13727;14103;14458
Barão;4301651;5539;5564;5597;5624;5651;5696;5760;5826;5885;5958;6029;6102;6177;6255;6330
Barão de Cotegipe;4301701;6605;6590;6584;6572;6583;6621;6680;6749;6818;6878;6950;7015;7086;7154;7217
Barão do Triunfo;4301750;7138;7174;7209;7199;7171;7122;7049;6966;6876;6795;6694;6580;6477;6368;6260
Barracão;4301800;5587;5554;5531;5491;5448;5414;5379;5328;5298;5254;5216;5175;5140;5105;5069
Barra do Guarita;4301859;3076;3082;3093;3098;3109;3127;3136;3145;3153;3168;3173;3177;3199;3208;3214
Barra do Quaraí;4301875;4004;4011;4031;4042;4042;4059;4091;4112;4148;4175;4192;4214;4245;4273;4287
Barra do Ribeiro;4301909;12568;12644;12702;12754;12758;12760;12751;12746;12736;12735;12721;12700;12679;12662;12619
Barra do Rio Azul;4301925;2173;2135;2099;2065;2041;2017;1998;1965;1942;1921;1901;1871;1849;1823;1794
Barra Funda;4301958;2348;2359;2371;2382;2384;2389;2401;2414;2439;2456;2461;2470;2498;2514;2529
Barros Cassal;4302006;11566;11534;11501;11455;11361;11245;11106;10971;10822;10667;10507;10337;10186;10039;9878
Benjamin Constant do Sul;4302055;2488;2433;2386;2347;2319;2300;2273;2258;2235;2220;2205;2189;2173;2161;2145
Bento Gonçalves;4302105;99103;100879;102653;104272;105822;107460;109169;110924;112727;114511;116254;117990;119762;121529;123122
Boa Vista das Missões;4302154;2191;2177;2161;2147;2139;2133;2120;2109;2101;2087;2069;2062;2047;2032;2016
Boa Vista do Buricá;4302204;6642;6633;6638;6624;6620;6632;6658;6692;6732;6775;6812;6862;6923;6984;7049
Boa Vista do Cadeado;4302220;2510;2506;2500;2485;2478;2469;2441;2433;2424;2409;2390;2374;2358;2348;2323
Boa Vista do Incra;4302238;2418;2435;2448;2455;2455;2452;2440;2428;2422;2414;2398;2377;2372;2354;2345
Boa Vista do Sul;4302253;2807;2801;2797;2790;2780;2782;2776;2784;2796;2795;2793;2810;2815;2827;2828
Bom Jesus;4302303;11838;11773;11716;11666;11639;11635;11639;11619;11611;11595;11568;11548;11530;11519;11485
Bom Princípio;4302352;11288;11517;11730;11909;12043;12169;12295;12421;12556;12687;12820;12961;13092;13241;13371
Bom Progresso;4302378;2516;2463;2415;2377;2341;2320;2304;2285;2265;2243;2218;2211;2198;2187;2176
Bom Retiro do Sul;4302402;11325;11392;11459;11527;11579;11657;11746;11838;11926;12003;12091;12172;12257;12354;12407
Boqueirão do Leão;4302451;7823;7808;7779;7739;7671;7588;7486;7362;7236;7119;6996;6874;6752;6639;6528
Bossoroca;4302501;7334;7252;7172;7093;7013;6940;6863;6774;6693;6607;6520;6436;6365;6291;6209
Bozano;4302584;2276;2262;2256;2244;2230;2225;2218;2213;2224;2221;2219;2212;2218;2229;2220
Braga;4302600;3936;3884;3839;3793;3766;3743;3706;3676;3643;3602;3569;3523;3495;3454;3417
Brochier;4302659;4614;4644;4679;4695;4715;4737;4763;4800;4828;4869;4899;4920;4962;5014;5036
Butiá;4302709;20895;20897;20902;20862;20806;20747;20681;20613;20549;20479;20391;20275;20157;20035;19894
Caçapava do Sul;4302808;34765;34671;34588;34488;34396;34342;34315;34279;34246;34196;34137;34080;34041;34006;33903
Cacequi;4302907;14570;14417;14266;14111;13946;13778;13581;13389;13159;12953;12734;12510;12296;12092;11874
Cachoeira do Sul;4303004;86914;86530;86161;85787;85487;85313;85184;85027;84854;84657;84421;84181;83977;83743;83390
Cachoeirinha;4303103;115521;116498;117547;118684;120091;121779;123632;125501;127395;129233;130962;132572;134162;135723;137093
Cacique Doble;4303202;4932;4937;4947;4957;4948;4936;4921;4907;4891;4876;4866;4846;4829;4815;4782
Caibaté;4303301;5166;5130;5105;5072;5050;5024;5014;4989;4983;4962;4937;4927;4916;4908;4879
Caiçara;4303400;5339;5281;5235;5183;5144;5124;5102;5087;5082;5063;5045;5028;5020;5020;5000
Camaquã;4303509;63540;63701;63861;63934;63957;64007;64082;64164;64254;64307;64330;64358;64403;64446;64379
Camargo;4303558;2556;2564;2573;2584;2594;2612;2638;2669;2703;2744;2791;2830;2871;2922;2964
Cambará do Sul;4303608;6716;6678;6646;6618;6606;6608;6609;6604;6592;6584;6556;6546;6547;6535;6518
Campestre da Serra;4303673;3273;3274;3276;3277;3293;3290;3289;3299;3312;3313;3316;3320;3332;3336;3329
Campina das Missões;4303707;6514;6431;6344;6270;6215;6177;6164;6151;6135;6114;6102;6095;6098;6110;6099
Campinas do Sul;4303806;5691;5666;5645;5607;5581;5549;5536;5519;5507;5490;5483;5474;5465;5472;5455
Campo Bom;4303905;61488;62067;62605;63012;63252;63469;63664;63881;64090;64276;64429;64553;64684;64807;64834
Campo Novo;4304002;5949;5817;5696;5599;5524;5490;5451;5407;5373;5337;5288;5253;5218;5196;5155
Campos Borges;4304101;3636;3603;3578;3559;3551;3543;3554;3573;3586;3604;3626;3633;3664;3683;3697
Candelária;4304200;30790;30829;30854;30842;30833;30827;30811;30782;30731;30673;30588;30500;30414;30329;30185
Cândido Godói;4304309;6814;6756;6716;6670;6642;6619;6609;6594;6586;6575;6555;6543;6539;6526;6509
Candiota;4304358;8559;8623;8698;8766;8861;8983;9141;9326;9518;9712;9914;10086;10272;10460;10626
Canela;4304408;37255;37775;38324;38901;39569;40365;41243;42135;43045;43939;44810;45674;46532;47390;48198
Canguçu;4304507;54232;54397;54524;54514;54401;54253;54080;53884;53701;53470;53221;52964;52703;52436;52086
Canoas;4304606;322771;324408;326158;328046;330439;333501;336766;339975;343180;346155;348695;350774;352648;354381;355614
Canudos do Vale;4304614;1893;1880;1863;1849;1835;1829;1807;1802;1788;1778;1764;1752;1745;1735;1727
Capão Bonito do Sul;4304622;1828;1801;1787;1778;1771;1768;1769;1775;1768;1774;1774;1777;1781;1786;1779
Capão da Canoa;4304630;37100;38235;39429;40676;42025;43534;45173;46908;48723;50578;52450;54329;56252;58215;60140
Capão do Cipó;4304655;2963;3020;3078;3121;3140;3151;3164;3167;3176;3183;3183;3185;3206;3202;3199
Capão do Leão;4304663;24221;24283;24344;24434;24581;24795;25066;25332;25622;25886;26140;26370;26590;26789;26957
Capela de Santana;4304689;10128;10257;10399;10507;10576;10650;10723;10804;10893;10971;11039;11108;11184;11256;11309
Capitão;4304697;2600;2611;2625;2638;2651;2669;2701;2732;2770;2803;2829;2851;2879;2914;2931
Capivari do Sul;4304671;3681;3759;3839;3894;3927;3952;3967;3973;4002;4006;4023;4042;4047;4064;4076
Caraá;4304713;7142;7234;7330;7388;7425;7441;7467;7478;7509;7524;7540;7558;7586;7597;7597
Carazinho;4304705;59729;59864;59985;60101;60276;60551;60882;61220;61553;61854;62147;62437;62751;63036;63223
Carlos Barbosa;4304804;23619;24095;24571;25004;25414;25840;26306;26793;27289;27789;28277;28771;29283;29795;30260
Carlos Gomes;4304853;1732;1699;1677;1642;1624;1606;1585;1569;1554;1531;1508;1488;1476;1459;1435
Casca;4304903;8627;8646;8660;8672;8714;8772;8853;8926;9018;9095;9179;9256;9347;9439;9507
Caseiros;4304952;2992;3004;3017;3029;3031;3036;3032;3031;3040;3047;3047;3055;3063;3062;3059
Catuípe;4305009;9840;9750;9658;9577;9492;9435;9389;9350;9308;9254;9216;9168;9133;9099;9045
Caxias do Sul;4305108;417766;425535;432893;438964;443561;447577;451259;454981;458736;462253;465328;467976;470494;472895;474590
Centenário;4305116;3094;3081;3064;3040;3018;2994;2974;2956;2945;2929;2915;2888;2868;2862;2845
Cerrito;4305124;6725;6674;6625;6564;6524;6486;6449;6404;6364;6320;6280;6228;6183;6140;6077
Cerro Branco;4305132;4556;4573;4586;4575;4542;4499;4451;4417;4372;4313;4260;4204;4148;4098;4035
Cerro Grande;4305157;2489;2471;2458;2445;2433;2428;2429;2434;2439;2442;2435;2429;2434;2433;2433
Cerro Grande do Sul;4305173;9934;10144;10310;10432;10463;10434;10377;10311;10239;10163;10074;9970;9869;9769;9658
Cerro Largo;4305207;13246;13310;13373;13418;13468;13521;13588;13650;13711;13779;13822;13872;13918;13959;13983
Chapada;4305306;9617;9577;9546;9517;9501;9505;9514;9544;9569;9591;9627;9644;9679;9720;9739
Charqueadas;4305355;34358;34916;35436;35828;36060;36210;36297;36373;36449;36502;36511;36498;36464;36419;36328
Charrua;4305371;3709;3658;3619;3576;3538;3503;3453;3402;3336;3279;3213;3152;3084;3021;2954
Chiapetta;4305405;4246;4211;4169;4132;4112;4101;4090;4093;4078;4077;4068;4065;4057;4059;4044
Chuí;4305439;5766;5834;5903;5965;6027;6074;6124;6184;6231;6276;6313;6335;6351;6381;6401
Chuvisca;4305447;4928;4979;5019;5044;5045;5039;5028;5008;4992;4965;4945;4910;4873;4844;4805
Cidreira;4305454;11242;11623;12010;12376;12690;12996;13338;13699;14093;14479;14878;15273;15693;16122;16518
Ciríaco;4305504;5163;5132;5083;5053;5000;4944;4881;4822;4749;4679;4618;4556;4492;4442;4384
Colinas;4305587;2499;2501;2499;2494;2486;2479;2488;2483;2489;2489;2491;2491;2497;2501;2493
Colorado;4305603;3773;3725;3673;3640;3606;3576;3551;3538;3511;3496;3476;3442;3433;3417;3388
Condor;4305702;6619;6632;6634;6637;6643;6642;6640;6639;6647;6635;6623;6619;6614;6605;6589
Constantina;4305801;9853;9849;9838;9838;9857;9906;9969;10050;10115;10180;10241;10313;10378;10458;10520
Coqueiro Baixo;4305835;1585;1580;1569;1563;1544;1520;1504;1494;1473;1451;1424;1412;1411;1382;1364
Coqueiros do Sul;4305850;2581;2561;2541;2517;2490;2472;2447;2427;2414;2391;2367;2353;2338;2328;2307
Coronel Barros;4305871;2496;2496;2501;2499;2503;2510;2542;2583;2616;2656;2680;2731;2774;2809;2849
Coronel Bicaco;4305900;8202;8134;8063;7984;7898;7792;7674;7533;7388;7241;7096;6951;6824;6687;6556
Coronel Pilar;4305934;1798;1786;1766;1757;1744;1735;1728;1723;1713;1708;1701;1696;1693;1673;1674
Cotiporã;4305959;4043;4024;4003;3979;3970;3947;3938;3938;3934;3937;3930;3929;3934;3939;3944
Coxilha;4305975;2935;2913;2892;2881;2870;2861;2848;2843;2836;2819;2808;2780;2780;2764;2757
Crissiumal;4306007;14773;14658;14558;14454;14346;14262;14178;14097;14012;13927;13831;13745;13658;13582;13483
Cristal;4306056;7202;7268;7328;7373;7394;7408;7424;7445;7463;7479;7499;7491;7499;7509;7502
Cristal do Sul;4306072;2899;2886;2881;2881;2878;2865;2863;2852;2845;2838;2832;2819;2811;2800;2790
Cruz Alta;4306106;65829;65346;64881;64457;64128;63930;63740;63521;63281;63011;62717;62427;62156;61889;61519
Cruzaltense;4306130;2314;2267;2234;2203;2160;2129;2087;2034;1996;1952;1903;1859;1819;1788;1742
Cruzeiro do Sul;4306205;12063;12130;12194;12234;12265;12294;12329;12377;12419;12456;12490;12516;12559;12590;12608
David Canabarro;4306304;4821;4808;4804;4788;4766;4749;4717;4694;4671;4639;4612;4588;4565;4534;4504
Derrubadas;4306320;3418;3372;3320;3284;3235;3204;3166;3134;3100;3062;3026;2984;2951;2926;2879
Dezesseis de Novembro;4306353;3126;3061;3009;2958;2909;2876;2849;2821;2792;2770;2743;2713;2694;2665;2635
Dilermando de Aguiar;4306379;3180;3176;3166;3138;3123;3115;3094;3075;3070;3046;3029;2999;2985;2969;2948
Dois Irmãos;4306403;26245;26751;27229;27634;27955;28257;28567;28882;29203;29541;29857;30166;30471;30800;31083
Dois Irmãos das Missões;4306429;2230;2212;2193;2178;2168;2169;2172;2166;2160;2159;2164;2158;2154;2146;2141
Dois Lajeados;4306452;3313;3323;3324;3332;3323;3304;3289;3285;3276;3255;3244;3224;3219;3217;3192
Dom Feliciano;4306502;14552;14624;14693;14722;14682;14624;14547;14462;14384;14286;14188;14077;13963;13840;13714
Dom Pedrito;4306601;40410;40251;40087;39910;39762;39664;39578;39514;39441;39352;39235;39111;38988;38861;38675
Dom Pedro de Alcântara;4306551;2602;2586;2578;2563;2552;2550;2550;2558;2562;2559;2563;2568;2586;2600;2607
Dona Francisca;4306700;3618;3564;3523;3481;3448;3425;3398;3375;3354;3335;3307;3282;3253;3232;3208
Doutor Maurício Cardoso;4306734;5782;5677;5574;5492;5406;5334;5258;5178;5106;5032;4957;4895;4831;4786;4727
Doutor Ricardo;4306759;2095;2087;2075;2065;2048;2033;2026;2015;2015;2003;1993;1987;1980;1984;1963
Eldorado do Sul;4306767;32293;32999;33691;34310;34853;35361;35889;36428;36982;37523;38025;38506;38972;39432;39834
Encantado;4306809;19910;20114;20319;20497;20678;20890;21132;21383;21627;21871;22101;22324;22559;22793;22981
Encruzilhada do Sul;4306908;24770;24839;24902;24926;24915;24937;24934;24934;24918;24902;24860;24804;24750;24693;24594
Engenho Velho;4306924;1699;1651;1603;1561;1534;1517;1498;1483;1462;1440;1422;1403;1385;1367;1350
Entre-ijuís;4306932;9271;9194;9137;9079;9065;9071;9104;9131;9165;9204;9234;9276;9305;9348;9370
Entre Rios do Sul;4306957;3273;3233;3206;3173;3137;3100;3066;3037;3004;2981;2951;2921;2884;2855;2820
Erebango;4306973;3001;2987;2984;2973;2980;2982;2997;3009;3019;3018;3033;3044;3064;3081;3081
Erechim;4307005;94525;95311;96104;96858;97680;98650;99698;100763;101832;102856;103812;104756;105719;106649;107404
Ernestina;4307054;3141;3144;3139;3140;3136;3138;3148;3151;3155;3169;3170;3164;3156;3159;3141
Erval Grande;4307203;5409;5366;5308;5278;5243;5215;5193;5186;5177;5165;5150;5137;5128;5112;5094
Erval Seco;4307302;8478;8349;8219;8105;8020;7930;7842;7766;7678;7591;7503;7413;7330;7249;7146
Esmeralda;4307401;3191;3192;3192;3194;3196;3205;3206;3219;3230;3240;3247;3251;3254;3259;3257
Esperança do Sul;4307450;3456;3425;3385;3352;3324;3315;3311;3317;3316;3319;3324;3310;3325;3341;3326
Espumoso;4307500;15490;15480;15488;15474;15479;15492;15523;15559;15584;15602;15609;15606;15620;15611;15598
Estação;4307559;6234;6206;6180;6140;6113;6088;6053;6038;6009;5979;5951;5910;5885;5855;5808
Estância Velha;4307609;40576;41303;42024;42646;43176;43698;44213;44747;45288;45820;46330;46829;47334;47833;48269
Esteio;4307708;82955;83013;83033;82927;82737;82547;82362;82189;82007;81790;81492;81138;80773;80389;79868
Estrela;4307807;30040;30364;30676;30913;31102;31285;31478;31672;31874;32055;32245;32421;32618;32808;32930
Estrela Velha;4307815;3721;3709;3714;3693;3667;3633;3589;3546;3504;3446;3394;3353;3312;3274;3223
Eugênio de Castro;4307831;2986;2932;2892;2850;2825;2798;2800;2782;2778;2767;2763;2754;2735;2731;2722
Fagundes Varela;4307864;2577;2581;2599;2609;2612;2610;2612;2616;2623;2625;2630;2628;2634;2632;2632
Farroupilha;4307906;61592;62396;63184;63883;64501;65151;65806;66513;67212;67900;68548;69182;69831;70486;71024
Faxinal do Soturno;4308003;6850;6831;6801;6782;6764;6766;6770;6794;6809;6829;6846;6855;6867;6894;6893
Faxinalzinho;4308052;2700;2663;2644;2616;2604;2581;2570;2574;2575;2570;2575;2567;2578;2587;2591
Fazenda Vilanova;4308078;3401;3489;3585;3661;3726;3789;3852;3918;3982;4044;4101;4148;4199;4246;4280
Feliz;4308102;11985;12078;12178;12265;12343;12444;12564;12700;12846;12989;13123;13250;13394;13552;13675
Flores da Cunha;4308201;26181;26535;26876;27188;27471;27789;28134;28497;28871;29242;29605;29971;30359;30753;31092
Floriano Peixoto;4308250;2170;2136;2099;2075;2052;2015;1984;1955;1930;1899;1875;1835;1819;1798;1769
Fontoura Xavier;4308300;11297;11199;11117;11021;10932;10843;10768;10684;10588;10497;10411;10311;10222;10142;10028
Formigueiro;4308409;7357;7308;7253;7196;7126;7081;7027;6984;6946;6898;6855;6812;6780;6741;6703
Forquetinha;4308433;2579;2565;2550;2531;2514;2499;2495;2492;2490;2487;2481;2470;2479;2473;2472
Fortaleza dos Valos;4308458;4791;4748;4707;4664;4631;4612;4604;4598;4597;4597;4586;4588;4590;4605;4600
Frederico Westphalen;4308508;28273;28454;28659;28865;29138;29478;29851;30228;30605;30969;31326;31678;32067;32447;32766
Garibaldi;4308607;29546;29971;30379;30737;31069;31396;31750;32113;32491;32856;33215;33577;33954;34334;34650
Garruchos;4308656;3445;3408;3365;3336;3295;3260;3219;3180;3136;3085;3037;2987;2940;2902;2846
Gaurama;4308706;6157;6102;6049;5996;5962;5929;5922;5924;5914;5919;5907;5897;5886;5884;5856
General Câmara;4308805;8748;8717;8692;8660;8606;8563;8508;8438;8378;8317;8251;8186;8118;8052;7978
Gentil;4308854;1689;1683;1677;1676;1681;1677;1687;1699;1705;1718;1720;1729;1745;1760;1752
Getúlio Vargas;4308904;16487;16442;16405;16374;16367;16399;16455;16530;16604;16664;16721;16778;16836;16901;16927
Giruá;4309001;17928;17756;17596;17446;17319;17224;17157;17084;17005;16931;16848;16776;16720;16666;16592
Glorinha;4309050;6556;6678;6789;6890;6963;7033;7103;7187;7264;7337;7412;7490;7567;7649;7704
Gramado;4309100;30981;31336;31708;32121;32606;33209;33894;34601;35349;36079;36800;37519;38255;39001;39695
Gramado dos Loureiros;4309126;2386;2360;2341;2317;2298;2292;2276;2257;2241;2220;2203;2180;2157;2138;2112
Gramado Xavier;4309159;3977;4015;4034;4052;4041;4005;3964;3908;3864;3813;3740;3674;3618;3559;3496
Gravataí;4309209;254304;256517;258657;260467;262073;263820;265559;267287;269035;270627;271888;272830;273639;274355;274660
Guabiju;4309258;1657;1643;1632;1621;1612;1602;1583;1579;1563;1554;1545;1525;1508;1488;1475
Guaíba;4309308;97813;97809;97799;97736;97681;97730;97826;97931;98029;98089;98042;97890;97733;97548;97206
Guaporé;4309407;22012;22269;22525;22755;22975;23202;23456;23732;24006;24267;24527;24782;25050;25317;25537
Guarani das Missões;4309506;8615;8512;8428;8336;8267;8208;8154;8108;8060;8012;7961;7909;7864;7817;7760
Harmonia;4309555;4041;4093;4154;4212;4266;4345;4429;4534;4639;4742;4836;4943;5061;5174;5267
Herval;4307104;6913;6904;6911;6887;6878;6862;6841;6812;6790;6751;6708;6647;6591;6532;6473
Herveiras;4309571;3000;3008;3007;2998;2991;2977;2953;2922;2896;2858;2823;2791;2749;2714;2677
Horizontina;4309605;18356;18419;18480;18536;18580;18646;18711;18794;18857;18928;18986;19042;19106;19174;19213
Hulha Negra;4309654;5900;5985;6046;6097;6133;6156;6179;6190;6202;6207;6203;6197;6183;6181;6154
Humaitá;4309704;5117;5086;5057;5031;5004;4986;4973;4960;4957;4933;4929;4910;4890;4888;4856
Ibarama;4309753;4542;4536;4520;4502;4478;4444;4409;4355;4326;4271;4214;4155;4092;4022;3959
Ibiaçá;4309803;4842;4819;4808;4788;4762;4741;4721;4715;4711;4699;4682;4681;4682;4677;4675
Ibiraiaras;4309902;7178;7171;7164;7142;7112;7101;7072;7060;7038;7026;7005;6989;6964;6950;6925
Ibirapuitã;4309951;4190;4175;4155;4145;4110;4098;4088;4062;4033;4005;3979;3942;3914;3891;3861
Ibirubá;4310009;19080;19152;19227;19324;19463;19664;19887;20118;20355;20578;20790;20993;21202;21415;21592
Igrejinha;4310108;31795;32295;32776;33145;33361;33539;33686;33844;34004;34157;34280;34375;34498;34614;34683
Ijuí;4310207;78791;79056;79343;79629;80035;80616;81288;81989;82686;83365;83998;84637;85308;85965;86461
Ilópolis;4310306;4276;4264;4243;4221;4221;4217;4219;4225;4237;4249;4245;4245;4246;4259;4256
Imbé;4310330;15384;15924;16510;17079;17658;18301;19011;19788;20608;21441;22272;23107;23943;24800;25623
Imigrante;4310363;3010;3017;3016;3024;3031;3037;3060;3083;3094;3102;3107;3112;3127;3140;3138
Independência;4310405;6962;6894;6823;6768;6720;6695;6681;6671;6668;6655;6644;6649;6647;6655;6648
Inhacorá;4310413;2358;2353;2333;2327;2307;2286;2262;2247;2234;2206;2178;2156;2137;2119;2102
Ipê;4310439;5968;6034;6085;6112;6108;6082;6040;5994;5948;5908;5841;5795;5739;5688;5636
Ipiranga do Sul;4310462;2036;2024;2012;2002;1977;1954;1936;1920;1899;1882;1863;1850;1833;1811;1802
Iraí;4310504;8599;8492;8377;8287;8216;8162;8119;8079;8043;7996;7963;7922;7875;7846;7794
Itaara;4310538;4946;4984;5020;5057;5093;5140;5194;5254;5329;5401;5459;5503;5570;5616;5655
Itacurubi;4310553;3533;3529;3534;3519;3499;3471;3440;3409;3380;3338;3304;3260;3226;3191;3140
Itapuca;4310579;2516;2472;2437;2403;2372;2338;2311;2279;2242;2205;2174;2129;2105;2067;2036
Itaqui;4310603;39784;39607;39434;39247;39093;38980;38871;38750;38638;38508;38344;38165;37971;37788;37548
Itati;4310652;2677;2651;2622;2609;2583;2580;2582;2594;2604;2616;2616;2629;2645;2662;2676
Itatiba do Sul;4310702;4595;4493;4394;4310;4230;4157;4068;3982;3899;3817;3735;3653;3575;3496;3411
Ivorá;4310751;2298;2276;2246;2224;2203;2196;2178;2168;2160;2148;2136;2113;2084;2068;2041
Ivoti;4310801;18455;18916;19365;19751;20056;20341;20617;20910;21232;21540;21836;22117;22389;22678;22930
Jaboticaba;4310850;4325;4278;4241;4204;4174;4160;4142;4119;4103;4082;4049;4025;4004;3987;3950
Jacuizinho;4310876;2536;2546;2556;2553;2528;2500;2469;2432;2391;2345;2307;2268;2233;2198;2161
Jacutinga;4310900;3758;3754;3739;3711;3691;3661;3642;3617;3594;3577;3551;3529;3521;3503;3472
Jaguarão;4311007;29289;29075;28877;28699;28565;28496;28457;28417;28374;28314;28236;28150;28061;27972;27839
Jaguari;4311106;12097;11984;11891;11784;11685;11603;11531;11475;11422;11354;11292;11234;11177;11128;11045
Jaquirana;4311122;4417;4359;4295;4250;4222;4211;4189;4157;4122;4080;4038;3991;3933;3886;3838
Jari;4311130;3717;3697;3674;3648;3633;3617;3601;3588;3572;3564;3545;3528;3513;3504;3479
Jóia;4311155;8586;8598;8585;8564;8506;8437;8347;8265;8176;8096;7991;7903;7802;7712;7610
Júlio de Castilhos;4311205;20269;20185;20098;20020;19940;19885;19814;19752;19671;19591;19490;19371;19258;19131;18980
Lagoa Bonita do Sul;4311239;2677;2695;2712;2721;2720;2703;2674;2639;2611;2579;2544;2498;2462;2422;2388
Lagoa dos Três Cantos;4311270;1630;1621;1622;1619;1606;1612;1619;1633;1644;1658;1675;1697;1719;1738;1765
Lagoão;4311254;6407;6403;6409;6394;6352;6312;6252;6189;6115;6047;5970;5892;5804;5735;5643
Lagoa Vermelha;4311304;28267;28209;28152;28112;28110;28156;28220;28286;28344;28391;28439;28485;28532;28596;28615
Lajeado;4311403;67524;68672;69853;71033;72330;73853;75604;77513;79510;81495;83487;85481;87533;89602;91516
Lajeado do Bugre;4311429;2499;2500;2509;2504;2524;2542;2556;2579;2591;2607;2622;2630;2643;2653;2653
Lavras do Sul;4311502;7983;7940;7902;7846;7812;7775;7752;7726;7694;7660;7612;7582;7531;7502;7449
Liberato Salzano;4311601;6173;6091;6025;5937;5861;5778;5695;5600;5514;5422;5328;5255;5183;5118;5042
Lindolfo Collor;4311627;4948;5025;5099;5186;5264;5357;5443;5536;5641;5740;5830;5923;6012;6107;6199
Linha Nova;4311643;1634;1645;1646;1653;1655;1659;1668;1674;1680;1690;1695;1701;1710;1729;1728
Maçambará;4311718;4905;4871;4842;4810;4792;4771;4761;4733;4719;4702;4682;4655;4631;4604;4575
Machadinho;4311700;5646;5626;5612;5599;5598;5622;5650;5677;5702;5733;5766;5796;5824;5846;5858
Mampituba;4311734;3046;3038;3026;3025;3023;3036;3056;3070;3096;3110;3130;3142;3153;3170;3175
Manoel Viana;4311759;7166;7172;7182;7181;7159;7148;7133;7124;7121;7114;7094;7074;7065;7048;7021
Maquiné;4311775;7189;7131;7098;7073;7059;7088;7131;7184;7234;7278;7329;7383;7423;7479;7522
Maratá;4311791;2541;2543;2548;2542;2545;2534;2525;2521;2525;2516;2518;2522;2515;2524;2537
Marau;4311809;33803;34630;35431;36134;36793;37478;38210;39000;39825;40640;41451;42277;43113;43952;44720
Marcelino Ramos;4311908;5600;5498;5395;5313;5236;5165;5096;5026;4963;4892;4827;4762;4696;4642;4576
Mariana Pimentel;4311981;3813;3813;3819;3823;3828;3832;3853;3870;3900;3917;3937;3957;3979;3996;4004
Mariano Moro;4312005;2352;2328;2305;2275;2249;2226;2201;2171;2145;2113;2083;2058;2031;2004;1963
Marques de Souza;4312054;4193;4177;4163;4153;4126;4123;4115;4120;4119;4116;4108;4103;4105;4107;4100
Mata;4312104;5401;5354;5308;5263;5225;5183;5144;5113;5083;5059;5027;5001;4970;4950;4907
Mato Castelhano;4312138;2488;2486;2493;2492;2487;2501;2505;2515;2530;2535;2542;2548;2572;2580;2588
Mato Leitão;4312153;3649;3702;3776;3818;3879;3950;4027;4119;4221;4319;4420;4514;4612;4718;4794
Mato Queimado;4312179;1897;1874;1859;1841;1829;1828;1828;1836;1838;1846;1854;1852;1850;1855;1857
Maximiliano de Almeida;4312203;5288;5217;5133;5065;5011;4946;4894;4824;4768;4705;4653;4592;4540;4490;4429
Minas do Leão;4312252;7683;7698;7729;7745;7753;7763;7772;7780;7780;7785;7780;7767;7763;7764;7732
Miraguaí;4312302;5128;5114;5094;5062;5030;4994;4954;4909;4872;4816;4770;4730;4691;4675;4629
Montauri;4312351;1587;1577;1568;1562;1545;1549;1543;1542;1542;1538;1536;1534;1538;1533;1523
Monte Alegre dos Campos;4312377;3124;3118;3119;3122;3121;3132;3138;3154;3162;3169;3185;3189;3204;3218;3234
Monte Belo do Sul;4312385;2762;2744;2730;2719;2696;2694;2677;2668;2664;2661;2641;2641;2638;2648;2639
Montenegro;4312401;58301;58841;59386;59883;60363;60913;61486;62066;62638;63183;63675;64137;64591;65033;65361
Mormaço;4312427;2693;2727;2761;2781;2796;2800;2806;2819;2825;2833;2838;2836;2836;2840;2837
Morrinhos do Sul;4312443;3352;3312;3283;3248;3219;3197;3184;3185;3171;3165;3154;3149;3161;3165;3168
Morro Redondo;4312450;6326;6354;6368;6363;6346;6318;6307;6308;6307;6306;6298;6303;6295;6296;6284
Morro Reuter;4312476;5583;5653;5709;5753;5779;5807;5826;5868;5904;5940;5962;6004;6049;6098;6124
Mostardas;4312500;12178;12206;12250;12270;12270;12261;12272;12282;12303;12307;12321;12332;12356;12387;12397
Muçum;4312609;4850;4868;4871;4878;4861;4857;4851;4850;4838;4830;4814;4803;4792;4783;4765
Muitos Capões;4312617;2984;2989;2995;3006;3011;3012;3017;3015;3018;3010;2994;2980;2969;2954;2950
Muliterno;4312625;1831;1840;1837;1839;1839;1835;1834;1826;1826;1815;1813;1802;1798;1787;1776
Não-Me-Toque;4312658;15480;15630;15757;15904;16046;16209;16400;16585;16773;16963;17153;17332;17516;17705;17870
Nicolau Vergueiro;4312674;1752;1745;1737;1738;1748;1756;1776;1803;1826;1850;1877;1893;1917;1930;1955
Nonoai;4312708;12320;12235;12174;12148;12183;12281;12427;12579;12745;12910;13067;13229;13394;13567;13709
Nova Alvorada;4312757;3089;3124;3170;3200;3206;3209;3207;3215;3223;3224;3235;3225;3229;3242;3237
Nova Araçá;4312807;3735;3813;3882;3948;4000;4056;4124;4192;4281;4365;4443;4539;4650;4757;4848
Nova Bassano;4312906;8577;8672;8757;8843;8909;8988;9071;9150;9244;9330;9403;9485;9564;9646;9703
Nova Boa Vista;4312955;2047;2025;2003;1975;1978;1974;1980;1984;1998;2013;2032;2044;2053;2071;2075
Nova Bréscia;4313003;3241;3244;3252;3241;3224;3208;3194;3189;3181;3178;3163;3167;3164;3156;3155
Nova Candelária;4313011;2788;2777;2768;2766;2761;2769;2789;2826;2858;2878;2909;2946;2989;3023;3070
Nova Esperança do Sul;4313037;4533;4597;4659;4710;4723;4740;4765;4792;4819;4852;4884;4909;4933;4960;4972
Nova Hartz;4313060;17443;17757;18082;18346;18563;18769;18961;19169;19375;19566;19748;19902;20038;20176;20274
Nova Pádua;4313086;2462;2461;2474;2483;2482;2477;2470;2461;2457;2455;2448;2442;2429;2422;2412
Nova Palma;4313102;6517;6508;6493;6474;6438;6394;6335;6282;6231;6173;6111;6050;5986;5935;5864
Nova Petrópolis;4313201;18275;18489;18707;18914;19157;19462;19812;20190;20587;20983;21384;21781;22188;22607;22979
Nova Prata;4313300;21402;21860;22295;22676;22987;23270;23559;23852;24166;24467;24764;25055;25352;25647;25909
Nova Ramada;4313334;2583;2557;2539;2512;2484;2458;2442;2418;2398;2374;2361;2330;2310;2293;2273
Nova Roma do Sul;4313359;3302;3326;3362;3374;3388;3394;3414;3423;3438;3466;3486;3495;3509;3538;3547
Nova Santa Rita;4313375;20093;20813;21515;22163;22759;23340;23908;24499;25113;25733;26327;26892;27453;28013;28536
Novo Barreiro;4313490;3990;3995;4003;4010;4021;4036;4065;4089;4126;4163;4194;4224;4271;4304;4331
Novo Cabrais;4313391;3862;3893;3909;3922;3908;3891;3874;3847;3830;3814;3793;3778;3754;3743;3712
Novo Hamburgo;4313409;246314;246411;246440;246166;245681;245311;244976;244664;244352;243942;243341;242607;241857;241077;239926
Novo Machado;4313425;4269;4195;4123;4058;4001;3941;3895;3829;3766;3700;3635;3577;3512;3459;3403
Novo Tiradentes;4313441;2351;2340;2330;2323;2316;2299;2296;2290;2279;2271;2255;2242;2236;2239;2222
Novo Xingu;4313466;1810;1803;1793;1782;1782;1772;1755;1750;1745;1744;1734;1717;1710;1714;1698
Osório;4313508;39569;40035;40509;40966;41465;42027;42636;43273;43914;44562;45159;45750;46357;46944;47473
Paim Filho;4313607;4562;4495;4438;4386;4336;4279;4238;4189;4138;4091;4035;3976;3934;3891;3833
Palmares do Sul;4313656;10957;10951;10977;11025;11101;11226;11377;11558;11749;11927;12112;12287;12467;12654;12820
Palmeira das Missões;4313706;35830;35606;35395;35193;35060;35017;34984;34959;34917;34876;34809;34760;34718;34675;34586
Palmitinho;4313805;6956;6956;6950;6955;6979;7038;7108;7202;7292;7386;7475;7564;7665;7766;7857
Panambi;4313904;36528;37083;37615;38100;38552;39063;39591;40142;40709;41258;41795;42328;42852;43376;43835
Pantano Grande;4313953;10326;10212;10117;10062;10052;10088;10137;10182;10233;10286;10324;10348;10381;10408;10430
Paraí;4314001;6624;6702;6779;6842;6888;6928;6963;7010;7060;7109;7147;7189;7233;7273;7302
Paraíso do Sul;4314027;7489;7503;7518;7503;7464;7425;7364;7303;7239;7178;7106;7039;6991;6921;6843
Pareci Novo;4314035;3441;3463;3490;3515;3539;3579;3637;3712;3781;3846;3927;4004;4089;4184;4257
Parobé;4314050;50328;50941;51517;51959;52224;52434;52602;52779;52973;53138;53261;53374;53486;53596;53627
Passa Sete;4314068;5179;5229;5259;5255;5215;5147;5056;4960;4852;4757;4649;4542;4439;4354;4252
Passo do Sobrado;4314076;5940;5987;6034;6080;6090;6097;6107;6121;6135;6136;6149;6152;6175;6181;6175
Passo Fundo;4314100;181608;183178;184783;186417;188325;190594;193026;195462;197894;200215;202352;204362;206313;208175;209704
Paulo Bento;4314134;2218;2229;2230;2230;2227;2226;2220;2225;2227;2227;2225;2231;2223;2217;2210
Paverama;4314159;8077;8105;8132;8152;8160;8170;8191;8195;8210;8213;8211;8210;8219;8221;8202
Pedras Altas;4314175;2338;2300;2275;2246;2240;2233;2224;2221;2204;2195;2186;2173;2159;2147;2128
Pedro Osório;4314209;8071;8038;8014;7979;7940;7930;7911;7897;7885;7865;7847;7838;7816;7803;7770
Pejuçara;4314308;4110;4085;4057;4032;4019;4005;3988;3971;3955;3931;3907;3891;3886;3874;3864
Pelotas;4314407;333801;334378;334897;335102;335260;335698;336297;336942;337559;338026;338258;338388;338523;338614;338095
Picada Café;4314423;5057;5095;5143;5178;5196;5211;5230;5248;5271;5307;5330;5358;5389;5418;5438
Pinhal;4314456;2490;2489;2488;2502;2519;2544;2569;2613;2648;2694;2729;2781;2824;2881;2930
Pinhal da Serra;4314464;2220;2187;2164;2154;2139;2141;2155;2173;2193;2209;2224;2241;2258;2267;2285
Pinhal Grande;4314472;4707;4672;4634;4599;4557;4507;4465;4408;4363;4319;4257;4195;4136;4095;4028
Pinheirinho do Vale;4314498;4478;4509;4531;4545;4549;4551;4565;4565;4583;4587;4591;4598;4617;4632;4645
Pinheiro Machado;4314506;13396;13311;13222;13128;13030;12935;12826;12714;12591;12466;12339;12204;12073;11945;11799
Pinto Bandeira;4314548;3193;2997;2823;2708;2647;2641;2651;2666;2684;2690;2705;2720;2739;2754;2760
Pirapó;4314555;2966;2912;2856;2815;2768;2733;2687;2656;2623;2578;2536;2485;2451;2417;2380
Piratini;4314605;20297;20338;20347;20322;20226;20092;19942;19773;19601;19425;19235;19031;18845;18649;18426
Planalto;4314704;10961;10867;10781;10719;10655;10636;10628;10636;10636;10629;10634;10640;10659;10687;10685
Poço das Antas;4314753;2012;2025;2029;2038;2040;2049;2055;2074;2095;2119;2130;2147;2165;2184;2196
Pontão;4314779;3975;3968;3964;3939;3914;3881;3839;3798;3756;3708;3652;3606;3555;3513;3460
Ponte Preta;4314787;1841;1826;1803;1783;1766;1754;1742;1723;1713;1707;1697;1681;1663;1648;1633
Portão;4314803;29117;29761;30393;30922;31340;31714;32064;32427;32789;33131;33449;33758;34053;34341;34578
Porto Alegre;4314902;1446241;1451163;1455189;1456196;1454913;1453329;1451640;1449761;1447705;1445430;1441692;1437183;1431518;1425216;1416951
Porto Lucena;4315008;5896;5792;5705;5616;5525;5433;5336;5240;5147;5056;4968;4891;4809;4733;4653
Porto Mauá;4315057;2689;2670;2647;2617;2587;2552;2502;2468;2438;2412;2390;2353;2323;2286;2267
Porto Vera Cruz;4315073;2062;2006;1949;1901;1878;1842;1823;1792;1766;1741;1715;1693;1674;1650;1636
Porto Xavier;4315107;11012;10938;10862;10788;10729;10675;10634;10593;10551;10506;10457;10422;10388;10363;10314
Pouso Novo;4315131;2009;1975;1948;1915;1902;1892;1884;1876;1875;1855;1844;1831;1828;1819;1803
Presidente Lucena;4315149;2335;2380;2418;2450;2483;2527;2570;2623;2675;2732;2791;2848;2908;2973;3033
Progresso;4315156;6368;6359;6337;6318;6271;6210;6145;6077;6018;5941;5879;5812;5757;5702;5630
Protásio Alves;4315172;2048;2034;2031;2025;2026;2013;2026;2024;2031;2032;2044;2046;2050;2063;2060
Putinga;4315206;4454;4412;4367;4337;4300;4264;4227;4189;4160;4115;4083;4037;3999;3970;3932
Quaraí;4315305;23581;23483;23390;23323;23299;23328;23402;23483;23589;23672;23741;23815;23876;23951;23979
Quatro Irmãos;4315313;1815;1810;1820;1818;1801;1786;1773;1750;1736;1711;1692;1677;1654;1640;1618
Quevedos;4315321;2761;2761;2759;2761;2755;2746;2734;2720;2717;2698;2692;2664;2646;2630;2607
Quinze de Novembro;4315354;3647;3663;3678;3687;3699;3721;3752;3791;3829;3853;3880;3905;3930;3959;3975
Redentora;4315404;9869;9998;10107;10195;10234;10264;10273;10263;10250;10230;10192;10153;10123;10071;10022
Relvado;4315453;2122;2106;2096;2092;2081;2062;2039;2021;2004;1993;1969;1949;1931;1911;1891
Restinga Sêca;4315503;16459;16388;16323;16246;16166;16108;16032;15981;15922;15864;15803;15718;15656;15599;15510
Rio dos Índios;4315552;4035;3935;3831;3748;3677;3620;3552;3481;3415;3342;3273;3209;3139;3086;3015
Rio Grande;4315602;199311;200364;201295;201829;202036;202198;202312;202412;202519;202510;202356;202099;201835;201530;200900
Rio Pardo;4315701;38870;38846;38801;38683;38531;38386;38230;38069;37892;37714;37505;37285;37063;36840;36554
Riozinho;4315750;4321;4336;4351;4372;4384;4390;4407;4432;4446;4467;4487;4505;4530;4558;4560
Roca Sales;4315800;10053;10165;10274;10346;10393;10431;10470;10504;10543;10561;10575;10605;10619;10647;10648
Rodeio Bonito;4315909;5718;5715;5732;5735;5765;5814;5897;5974;6059;6137;6226;6317;6419;6531;6619
Rolador;4315958;2701;2682;2654;2623;2600;2574;2550;2532;2518;2499;2481;2454;2442;2436;2413
Rolante;4316006;19047;19198;19344;19486;19633;19798;19988;20181;20368;20553;20724;20891;21066;21232;21384
Ronda Alta;4316105;10396;10412;10415;10401;10381;10360;10333;10315;10299;10270;10245;10219;10196;10166;10128
Rondinha;4316204;5835;5781;5723;5673;5623;5581;5551;5508;5471;5431;5393;5362;5320;5275;5234
Roque Gonzales;4316303;7582;7527;7469;7408;7353;7296;7253;7199;7161;7118;7079;7039;6991;6946;6885
Rosário do Sul;4316402;41273;41132;40994;40801;40605;40418;40238;40050;39862;39654;39437;39216;39006;38802;38542
Sagrada Família;4316428;2655;2652;2638;2647;2630;2630;2619;2617;2611;2603;2602;2594;2581;2576;2554
Saldanha Marinho;4316436;3028;3001;2970;2938;2914;2887;2869;2841;2815;2803;2776;2746;2722;2710;2688
Salto do Jacuí;4316451;12171;12186;12199;12184;12125;12027;11910;11781;11652;11519;11370;11237;11076;10931;10782
Salvador das Missões;4316477;2699;2700;2698;2693;2696;2692;2710;2731;2754;2776;2792;2822;2856;2884;2909
Salvador do Sul;4316501;6654;6747;6849;6920;6958;6981;6996;7026;7048;7064;7088;7109;7129;7168;7180
Sananduva;4316600;15303;15377;15441;15487;15566;15651;15771;15882;16017;16127;16240;16342;16444;16548;16617
Santa Bárbara do Sul;4316709;9408;9285;9173;9060;8984;8910;8856;8807;8742;8691;8630;8586;8533;8498;8439
Santa Cecília do Sul;4316733;1680;1670;1669;1669;1658;1656;1658;1658;1665;1665;1663;1673;1683;1699;1705
Santa Clara do Sul;4316758;5372;5473;5571;5659;5742;5830;5933;6048;6165;6278;6390;6497;6611;6726;6831
Santa Cruz do Sul;4316808;115838;116861;117906;118980;120228;121718;123327;124931;126526;128066;129504;130891;132255;133584;134688
Santa Margarida do Sul;4316972;2334;2349;2366;2373;2385;2398;2412;2444;2477;2509;2535;2567;2586;2618;2636
Santa Maria;4316907;261661;263357;264963;266188;267265;268604;270203;271955;273750;275406;276831;278108;279378;280593;281298
Santa Maria do Herval;4316956;6105;6111;6121;6136;6146;6166;6196;6235;6267;6302;6335;6369;6404;6441;6473
Santana da Boa Vista;4317004;8601;8571;8522;8474;8401;8310;8215;8126;8026;7935;7832;7725;7628;7541;7445
Santana do Livramento;4317103;86145;85303;84600;84086;83940;84115;84459;84850;85252;85622;85941;86248;86565;86868;87023
Santa Rosa;4317202;67982;68267;68588;68940;69450;70145;70948;71768;72619;73437;74248;75054;75901;76757;77475
Santa Tereza;4317251;1784;1785;1777;1767;1754;1738;1729;1706;1700;1675;1667;1642;1630;1609;1590
Santa Vitória do Palmar;4317301;32384;32138;31925;31749;31663;31688;31758;31824;31918;31994;32042;32083;32124;32162;32134
Santiago;4317400;50316;50211;50123;50048;50030;50087;50207;50322;50429;50518;50570;50608;50638;50658;50591
Santo Ângelo;4317509;77874;77780;77708;77614;77637;77791;78002;78216;78418;78594;78732;78883;79053;79208;79221
Santo Antônio da Patrulha;4317608;39362;39618;39872;40111;40391;40726;41095;41463;41839;42218;42552;42870;43200;43516;43762
Santo Antônio das Missões;4317707;11918;11778;11649;11535;11435;11361;11293;11228;11168;11097;11028;10967;10911;10843;10761
Santo Antônio do Palma;4317558;2193;2180;2169;2165;2153;2157;2152;2148;2139;2138;2131;2135;2139;2140;2145
Santo Antônio do Planalto;4317756;2021;2018;2018;2019;2016;2025;2025;2036;2047;2071;2088;2104;2116;2124;2138
Santo Augusto;4317806;14354;14313;14277;14239;14223;14223;14251;14273;14293;14312;14328;14331;14341;14349;14322
Santo Cristo;4317905;14668;14614;14570;14547;14548;14597;14688;14786;14894;14995;15100;15205;15326;15440;15524
Santo Expedito do Sul;4317954;2567;2548;2525;2510;2490;2486;2472;2467;2465;2458;2452;2439;2436;2429;2422
São Borja;4318002;64182;63805;63466;63143;62921;62819;62768;62713;62670;62605;62499;62396;62305;62211;62032
São Domingos do Sul;4318051;2955;2968;2977;2981;2974;2957;2945;2933;2930;2915;2907;2891;2877;2871;2858
São Francisco de Assis;4318101;20242;20076;19925;19769;19624;19500;19395;19283;19169;19047;18931;18808;18693;18577;18421
São Francisco de Paula;4318200;20396;20480;20565;20663;20784;20945;21117;21266;21440;21588;21717;21837;21953;22067;22140
São Gabriel;4318309;61657;61674;61694;61645;61595;61572;61544;61503;61462;61398;61302;61184;61074;60975;60749
São Jerônimo;4318408;22036;22228;22410;22521;22548;22526;22496;22450;22408;22357;22286;22185;22086;21981;21846
São João da Urtiga;4318424;4878;4859;4847;4827;4803;4770;4751;4739;4719;4709;4693;4672;4656;4648;4633
São João do Polêsine;4318432;2690;2672;2657;2646;2626;2619;2620;2626;2642;2656;2670;2693;2705;2720;2730
São Jorge;4318440;2909;2904;2888;2891;2891;2894;2906;2919;2932;2947;2959;2956;2970;2973;2971
São José das Missões;4318457;2851;2829;2803;2782;2753;2728;2693;2672;2643;2611;2583;2554;2529;2509;2475
São José do Herval;4318465;2337;2309;2276;2251;2224;2207;2181;2162;2135;2116;2091;2069;2039;2021;1997
São José do Hortêncio;4318481;3888;3960;4048;4113;4154;4187;4229;4269;4317;4361;4394;4432;4459;4494;4511
São José do Inhacorá;4318499;2278;2255;2243;2234;2228;2233;2251;2277;2297;2320;2341;2362;2388;2419;2439
São José do Norte;4318507;25557;25730;25885;25992;26042;26096;26146;26211;26285;26344;26387;26410;26424;26444;26410
São José do Ouro;4318606;7079;7058;7041;7025;7007;7002;7003;7023;7021;7030;7037;7041;7046;7043;7045
São José dos Ausentes;4318622;3204;3204;3221;3246;3281;3333;3398;3476;3559;3627;3705;3785;3869;3964;4048
São José do Sul;4318614;1954;1983;2022;2048;2073;2091;2114;2148;2183;2216;2241;2279;2311;2346;2378
São Leopoldo;4318705;212887;214902;216794;218253;219324;220344;221302;222245;223208;224041;224674;225144;225570;225945;225982
São Lourenço do Sul;4318804;44380;44322;44264;44172;44101;44072;44060;44068;44077;44067;44036;43996;43960;43925;43795
São Luiz Gonzaga;4318903;35809;35592;35387;35229;35157;35191;35266;35353;35432;35500;35559;35630;35722;35815;35841
São Marcos;4319000;19979;20087;20190;20272;20356;20460;20577;20709;20837;20954;21067;21157;21255;21348;21416
São Martinho;4319109;6057;6009;5948;5906;5862;5835;5800;5781;5758;5734;5717;5703;5699;5693;5674
São Martinho da Serra;4319125;3311;3302;3298;3281;3266;3242;3213;3196;3167;3144;3113;3092;3065;3039;3011
São Miguel das Missões;4319158;7571;7568;7562;7562;7548;7548;7530;7515;7497;7480;7457;7425;7393;7361;7327
São Nicolau;4319208;6137;6060;5995;5922;5869;5814;5770;5719;5671;5621;5579;5526;5486;5452;5396
São Paulo das Missões;4319307;6739;6662;6593;6512;6443;6405;6363;6318;6282;6245;6204;6174;6151;6117;6081
São Pedro da Serra;4319356;3198;3241;3282;3306;3329;3347;3372;3395;3420;3455;3485;3500;3525;3555;3575
São Pedro das Missões;4319364;1899;1902;1915;1920;1913;1895;1892;1885;1886;1874;1869;1854;1843;1838;1827
São Pedro do Butiá;4319372;2901;2903;2908;2905;2909;2920;2939;2960;2983;3006;3029;3057;3074;3103;3117
São Pedro do Sul;4319406;16904;16841;16773;16692;16617;16573;16524;16479;16440;16383;16338;16289;16247;16214;16146
São Sebastião do Caí;4319505;22544;22802;23030;23212;23349;23489;23644;23795;23963;24121;24256;24393;24514;24637;24726
São Sepé;4319604;24692;24600;24497;24357;24194;24015;23825;23624;23423;23220;23016;22809;22625;22441;22222
São Valentim;4319703;3874;3831;3786;3738;3693;3648;3623;3593;3569;3545;3512;3489;3472;3443;3419
São Valentim do Sul;4319711;2188;2190;2193;2200;2188;2195;2204;2208;2219;2225;2231;2237;2243;2251;2264
São Valério do Sul;4319737;2675;2678;2670;2665;2670;2661;2666;2669;2670;2668;2665;2642;2635;2628;2613
São Vendelino;4319752;1898;1916;1948;1965;1979;1997;2016;2043;2069;2094;2119;2156;2183;2220;2248
São Vicente do Sul;4319802;8622;8614;8604;8589;8566;8556;8539;8523;8511;8494;8480;8454;8435;8413;8380
Sapiranga;4319901;72711;73172;73628;73995;74333;74724;75131;75530;75945;76337;76666;76938;77218;77499;77656
Sapucaia do Sul;4320008;131683;132435;133146;133687;134153;134681;135235;135772;136304;136755;137042;137204;137298;137376;137229
Sarandi;4320107;20399;20725;21009;21261;21442;21611;21769;21932;22088;22245;22392;22546;22713;22874;23018
Seberi;4320206;11122;11066;11039;11024;11064;11134;11243;11345;11454;11550;11663;11766;11876;11988;12083
Sede Nova;4320230;3134;3117;3094;3083;3054;3032;3006;2982;2963;2941;2917;2883;2866;2852;2821
Segredo;4320263;7190;7211;7220;7225;7161;7108;7020;6954;6858;6777;6690;6601;6515;6438;6357
Selbach;4320305;4976;4983;4995;4994;4998;4999;5025;5047;5070;5106;5131;5142;5175;5198;5215
Senador Salgado Filho;4320321;2892;2891;2886;2881;2862;2855;2847;2833;2832;2819;2807;2795;2791;2783;2764
Sentinela do Sul;4320354;5198;5220;5249;5271;5279;5295;5305;5326;5353;5379;5394;5404;5419;5437;5446
Serafina Corrêa;4320404;13079;13428;13769;14072;14314;14559;14809;15067;15330;15604;15845;16078;16315;16559;16780
Sério;4320453;2619;2568;2523;2490;2465;2429;2402;2370;2342;2308;2276;2245;2207;2192;2153
Sertão;4320503;6814;6701;6592;6487;6401;6337;6278;6215;6151;6095;6035;5980;5927;5871;5819
Sertão Santana;4320552;5766;5834;5890;5921;5937;5952;5967;5987;6011;6037;6043;6035;6038;6036;6033
Sete de Setembro;4320578;2268;2245;2227;2202;2186;2170;2140;2127;2098;2070;2057;2022;2000;1979;1944
Severiano de Almeida;4320602;4037;3997;3969;3947;3906;3874;3829;3797;3767;3732;3703;3669;3644;3606;3573
Silveira Martins;4320651;2551;2533;2521;2498;2477;2463;2423;2397;2364;2335;2295;2262;2225;2201;2160
Sinimbu;4320677;10432;10413;10387;10332;10250;10159;10052;9937;9821;9698;9577;9444;9326;9199;9062
Sobradinho;4320701;14357;14385;14409;14424;14439;14483;14505;14524;14536;14544;14551;14547;14551;14558;14541
Soledade;4320800;30592;30589;30602;30608;30634;30700;30771;30839;30906;30954;30971;31001;31031;31056;31031
Tabaí;4320859;3955;4020;4073;4127;4166;4206;4244;4285;4318;4349;4382;4416;4448;4479;4499
Tapejara;4320909;17511;18012;18504;18932;19270;19618;19999;20433;20885;21362;21845;22359;22890;23450;23981
Tapera;4321006;10623;10612;10606;10594;10597;10622;10658;10688;10725;10752;10781;10802;10820;10840;10846
Tapes;4321105;17117;17122;17117;17066;16967;16850;16718;16586;16447;16309;16149;15980;15824;15668;15486
Taquara;4321204;55063;55211;55341;55398;55403;55407;55425;55431;55454;55445;55397;55333;55261;55179;55014
Taquari;4321303;26691;26726;26748;26747;26721;26716;26713;26704;26696;26672;26632;26575;26517;26448;26352
Taquaruçu do Sul;4321329;2985;2993;2996;2990;3000;3003;3017;3041;3058;3083;3092;3113;3138;3160;3176
Tavares;4321352;5428;5428;5424;5421;5401;5394;5389;5400;5388;5387;5385;5369;5372;5374;5367
Tenente Portela;4321402;14034;13951;13887;13837;13829;13877;13969;14058;14151;14247;14325;14412;14496;14590;14662
Terra de Areia;4321436;9489;9617;9737;9821;9872;9941;9998;10057;10119;10184;10234;10290;10354;10428;10475
Teutônia;4321451;25153;25807;26440;27015;27521;28013;28518;29049;29571;30095;30606;31117;31648;32160;32631
Tio Hugo;4321469;2632;2659;2684;2718;2746;2771;2817;2867;2921;2976;3023;3076;3133;3193;3244
Tiradentes do Sul;4321477;6991;6880;6796;6704;6606;6513;6399;6285;6169;6054;5939;5827;5716;5610;5495
Toropi;4321493;3094;3069;3053;3030;2999;2973;2933;2906;2881;2853;2821;2779;2756;2734;2696
Torres;4321501;33434;33804;34193;34601;35092;35655;36298;36948;37626;38300;38965;39636;40295;40976;41581
Tramandaí;4321600;37662;38736;39822;40872;41878;42909;43990;45118;46282;47457;48604;49727;50862;52006;53089
Travesseiro;4321626;2382;2380;2373;2359;2357;2336;2321;2310;2309;2302;2289;2270;2268;2259;2244
Três Arroios;4321634;3001;2975;2945;2927;2899;2875;2865;2849;2833;2815;2800;2777;2774;2749;2718
Três Cachoeiras;4321667;10094;10159;10231;10262;10307;10366;10433;10506;10592;10672;10741;10828;10903;11001;11077
Três Coroas;4321709;22288;22735;23141;23458;23654;23784;23879;23986;24095;24194;24271;24331;24384;24437;24448
Três de Maio;4321808;24061;24004;23979;23951;23986;24065;24192;24319;24451;24586;24710;24845;24988;25138;25241
Três Forquilhas;4321832;3077;3036;3008;2981;2965;2956;2945;2945;2939;2930;2919;2905;2894;2886;2865
Três Palmeiras;4321857;4461;4440;4428;4417;4413;4426;4453;4485;4521;4559;4598;4629;4668;4709;4746
Três Passos;4321907;24369;24283;24219;24166;24195;24300;24458;24634;24814;24986;25157;25342;25563;25775;25943
Trindade do Sul;4321956;5792;5785;5783;5789;5837;5924;6058;6222;6385;6561;6732;6899;7080;7255;7415
Triunfo;4322004;24993;25377;25730;26017;26254;26471;26687;26904;27120;27337;27528;27691;27853;28018;28135
Tucunduva;4322103;6155;6114;6079;6032;5997;5964;5935;5915;5897;5874;5847;5832;5810;5799;5760
Tunas;4322152;4495;4502;4516;4493;4463;4421;4373;4304;4249;4196;4132;4063;4001;3942;3879
Tupanci do Sul;4322186;1643;1631;1619;1601;1585;1576;1558;1538;1529;1514;1493;1473;1454;1452;1442
Tupanciretã;4322202;22502;22635;22738;22771;22723;22624;22486;22331;22173;22011;21826;21623;21425;21219;20999
Tupandi;4322251;3561;3662;3756;3844;3919;3995;4083;4176;4286;4387;4476;4580;4687;4801;4898
Tuparendi;4322301;9027;8925;8836;8751;8682;8639;8614;8614;8608;8597;8602;8591;8612;8621;8620
Turuçu;4322327;3643;3622;3608;3598;3587;3587;3588;3596;3601;3604;3589;3580;3572;3561;3544
Ubiretama;4322343;2467;2428;2392;2356;2328;2306;2285;2256;2233;2205;2182;2153;2143;2126;2093
União da Serra;4322350;1636;1592;1556;1524;1505;1482;1457;1426;1401;1383;1342;1317;1292;1264;1245
Unistalda;4322376;2601;2578;2558;2535;2506;2481;2435;2403;2361;2329;2289;2242;2214;2183;2139
Uruguaiana;4322400;129862;129662;129430;129083;128687;128368;128015;127637;127256;126809;126251;125614;124964;124290;123449
Vacaria;4322509;60775;61192;61603;61947;62278;62669;63060;63458;63847;64204;64514;64811;65106;65385;65574
Vale do Sol;4322533;11277;11313;11334;11322;11288;11212;11142;11057;10972;10877;10784;10678;10589;10496;10389
Vale Real;4322541;4867;4938;5014;5085;5145;5211;5294;5387;5476;5554;5646;5734;5822;5923;6002
Vale Verde;4322525;3256;3271;3289;3305;3316;3312;3309;3306;3312;3307;3301;3292;3284;3284;3264
Vanini;4322558;1984;2002;2010;2005;2005;2000;2005;2011;2020;2027;2034;2039;2042;2055;2052
Venâncio Aires;4322608;65542;65948;66341;66682;67006;67372;67761;68139;68506;68852;69154;69480;69814;70129;70326
Vera Cruz;4322707;23158;23411;23654;23894;24145;24434;24727;25034;25336;25623;25899;26173;26444;26714;26944
Veranópolis;4322806;22007;22351;22665;22902;23083;23220;23358;23511;23651;23792;23925;24055;24185;24312;24389
Vespasiano Correa;4322855;2067;2048;2022;2005;1998;1987;1979;1972;1962;1945;1941;1926;1909;1899;1891
Viadutos;4322905;5669;5588;5518;5450;5379;5327;5277;5239;5204;5165;5114;5073;5045;5022;4980
Viamão;4323002;245316;246304;247055;247221;246811;246294;245703;245148;244626;243976;243053;241922;240701;239442;237770
Vicente Dutra;4323101;5684;5591;5524;5446;5389;5341;5289;5237;5184;5140;5087;5043;4998;4953;4906
Victor Graeff;4323200;3166;3140;3125;3100;3084;3069;3050;3034;3022;3001;2979;2953;2939;2920;2893
Vila Flores;4323309;3189;3196;3215;3221;3234;3250;3282;3312;3361;3407;3465;3505;3550;3609;3648
Vila Lângaro;4323358;2225;2207;2200;2186;2176;2171;2166;2159;2157;2157;2151;2143;2139;2146;2142
Vila Maria;4323408;4253;4258;4260;4260;4250;4265;4273;4302;4326;4343;4366;4386;4420;4447;4474
Vila Nova do Sul;4323457;4347;4346;4338;4322;4292;4274;4247;4228;4204;4178;4152;4135;4103;4080;4046
Vista Alegre;4323507;2927;2903;2894;2891;2879;2863;2851;2833;2825;2811;2806;2784;2773;2766;2754
Vista Alegre do Prata;4323606;1583;1581;1576;1574;1573;1574;1577;1584;1593;1594;1601;1604;1614;1616;1622
Vista Gaúcha;4323705;2778;2782;2791;2778;2772;2774;2777;2777;2784;2787;2791;2804;2814;2830;2834
Vitória das Missões;4323754;3692;3645;3601;3562;3541;3522;3502;3485;3476;3459;3449;3426;3413;3414;3390
Westfalia;4323770;2781;2813;2819;2845;2848;2866;2887;2926;2956;2990;3014;3042;3086;3129;3161
Xangri-lá;4323804;10859;11292;11719;12109;12450;12767;13103;13448;13819;14192;14548;14901;15262;15626;15959

Fontes:
------------
Rede Interagencial de Informações para a Saúde:
    Demografia\População\Estimativas Populacionais - RIPSA\Total\2007
    Demografia\População\Estimativas Populacionais - RIPSA\Total\2008
    Demografia\População\Estimativas Populacionais - RIPSA\Total\2009
    Demografia\População\Estimativas Populacionais - RIPSA\Total\2010
    Demografia\População\Estimativas Populacionais - RIPSA\Total\2011
    Demografia\População\Estimativas Populacionais - RIPSA\Total\2012
    Demografia\População\Estimativas Populacionais - RIPSA\Total\2013
    Demografia\População\Estimativas Populacionais - RIPSA\Total\2014
    Demografia\População\Estimativas Populacionais - RIPSA\Total\2015
    Demografia\População\Estimativas Populacionais - RIPSA\Total\2016
    Demografia\População\Estimativas Populacionais - RIPSA\Total\2017
    Demografia\População\Estimativas Populacionais - RIPSA\Total\2018
    Demografia\População\Estimativas Populacionais - RIPSA\Total\2019
    Demografia\População\Estimativas Populacionais - RIPSA\Total\2020
    Demografia\População\Estimativas Populacionais - RIPSA\Total\2021