id,ano,total_pago,media_pago,total_beneficiarios,media_beneficiarios
4300034,2021,83141.0,41570.5,376,188.0
4300034,2022,860236.0,71686.33333333333,2569,214.08333333333334
4300034,2023,213278.0,106639.0,479,239.5
4300059,2021,33430.0,16715.0,165,82.5
4300059,2022,522046.0,43503.833333333336,1573,131.08333333333334
4300059,2023,153132.0,76566.0,381,190.5
4300109,2021,317578.0,158789.0,1748,874.0
4300109,2022,3158256.0,263188.0,10981,915.0833333333334
4300109,2023,705436.0,352718.0,1796,898.0
4300208,2021,103571.0,51785.5,522,261.0
4300208,2022,1075647.0,89637.25,3588,299.0
4300208,2023,242590.0,121295.0,627,313.5
4300307,2021,77460.0,38730.0,521,260.5
4300307,2022,1285270.0,107105.83333333333,4116,343.0
4300307,2023,364332.0,182166.0,773,386.5
4300406,2021,693084.0,346542.0,4173,2086.5
4300406,2022,10271229.0,855935.75,34748,2895.6666666666665
4300406,2023,2575048.0,1287524.0,6532,3266.0
4300455,2021,92370.0,46185.0,446,223.0
4300455,2022,1104190.0,92015.83333333333,3333,277.75
4300455,2023,255405.0,127702.5,605,302.5
4300471,2021,13797.0,6898.5,80,40.0
4300471,2022,136283.0,11356.916666666666,455,37.916666666666664
4300471,2023,34065.0,17032.5,78,39.0
4300505,2021,69167.0,34583.5,410,205.0
4300505,2022,1008416.0,84034.66666666667,3274,272.8333333333333
4300505,2023,260742.0,130371.0,614,307.0
4300554,2021,26656.0,13328.0,147,73.5
4300554,2022,268884.0,22407.0,910,75.83333333333333
4300554,2023,60397.0,30198.5,152,76.0
4300570,2021,3680.0,1840.0,19,9.5
4300570,2022,56443.0,4703.583333333333,170,14.166666666666666
4300570,2023,15858.0,7929.0,36,18.0
4300604,2021,3167505.0,1583752.5,14421,7210.5
4300604,2022,38791184.0,3232598.6666666665,109526,9127.166666666666
4300604,2023,9551985.0,4775992.5,20870,10435.0
4300638,2021,161972.0,80986.0,830,415.0
4300638,2022,1666681.0,138890.08333333334,5455,454.5833333333333
4300638,2023,383801.0,191900.5,931,465.5
4300646,2021,153858.0,76929.0,863,431.5
4300646,2022,1909788.0,159149.0,6256,521.3333333333334
4300646,2023,466474.0,233237.0,1108,554.0
4300661,2021,19999.0,9999.5,93,46.5
4300661,2022,231183.0,19265.25,685,57.083333333333336
4300661,2023,57180.0,28590.0,128,64.0
4300703,2021,15806.0,7903.0,74,37.0
4300703,2022,191158.0,15929.833333333334,611,50.916666666666664
4300703,2023,42126.0,21063.0,97,48.5
4300802,2021,93182.0,46591.0,452,226.0
4300802,2022,1040628.0,86719.0,3198,266.5
4300802,2023,254435.0,127217.5,581,290.5
4300851,2021,101572.0,50786.0,539,269.5
4300851,2022,1157822.0,96485.16666666667,3895,324.5833333333333
4300851,2023,245038.0,122519.0,675,337.5
4300877,2021,98333.0,49166.5,399,199.5
4300877,2022,1546109.0,128842.41666666667,4198,349.8333333333333
4300877,2023,386616.0,193308.0,822,411.0
4300901,2021,26099.0,13049.5,121,60.5
4300901,2022,242599.0,20216.583333333332,781,65.08333333333333
4300901,2023,57805.0,28902.5,146,73.0
4301008,2021,66253.0,33126.5,316,158.0
4301008,2022,805122.0,67093.5,2376,198.0
4301008,2023,220191.0,110095.5,463,231.5
4301057,2021,175676.0,87838.0,702,351.0
4301057,2022,2094119.0,174509.91666666666,5713,476.0833333333333
4301057,2023,516885.0,258442.5,1129,564.5
4301073,2021,13619.0,6809.5,77,38.5
4301073,2022,142343.0,11861.916666666666,458,38.166666666666664
4301073,2023,34240.0,17120.0,78,39.0
4301107,2021,347137.0,173568.5,1667,833.5
4301107,2022,3717391.0,309782.5833333333,11849,987.4166666666666
4301107,2023,818364.0,409182.0,2035,1017.5
4301206,2021,185232.0,92616.0,859,429.5
4301206,2022,2004214.0,167017.83333333334,6194,516.1666666666666
4301206,2023,444355.0,222177.5,1120,560.0
4301305,2021,318995.0,159497.5,1991,995.5
4301305,2022,3965281.0,330440.0833333333,14118,1176.5
4301305,2023,918385.0,459192.5,2412,1206.0
4301404,2021,158593.0,79296.5,757,378.5
4301404,2022,1718416.0,143201.33333333334,5226,435.5
4301404,2023,377801.0,188900.5,882,441.0
4301503,2021,60406.0,30203.0,285,142.5
4301503,2022,629822.0,52485.166666666664,2026,168.83333333333334
4301503,2023,134747.0,67373.5,351,175.5
4301552,2021,14293.0,7146.5,85,42.5
4301552,2022,106320.0,8860.0,404,33.666666666666664
4301552,2023,28070.0,14035.0,70,35.0
4301602,2021,3430540.0,1715270.0,15697,7848.5
4301602,2022,43607955.0,3633996.25,128671,10722.583333333334
4301602,2023,10583610.0,5291805.0,24642,12321.0
4301636,2021,487293.0,243646.5,1882,941.0
4301636,2022,6635756.0,552979.6666666666,17238,1436.5
4301636,2023,1548953.0,774476.5,3288,1644.0
4301651,2021,7015.0,3507.5,39,19.5
4301651,2022,63685.0,5307.083333333333,197,16.416666666666668
4301651,2023,15360.0,7680.0,35,17.5
4301701,2021,36335.0,18167.5,203,101.5
4301701,2022,485673.0,40472.75,1601,133.41666666666666
4301701,2023,108711.0,54355.5,279,139.5
4301750,2021,141446.0,70723.0,707,353.5
4301750,2022,1685151.0,140429.25,5036,419.6666666666667
4301750,2023,426362.0,213181.0,927,463.5
4301800,2021,113401.0,56700.5,669,334.5
4301800,2022,1048568.0,87380.66666666667,3696,308.0
4301800,2023,227207.0,113603.5,581,290.5
4301859,2021,40651.0,20325.5,221,110.5
4301859,2022,401732.0,33477.666666666664,1274,106.16666666666667
4301859,2023,102074.0,51037.0,224,112.0
4301875,2021,127889.0,63944.5,593,296.5
4301875,2022,1528378.0,127364.83333333333,4595,382.9166666666667
4301875,2023,342326.0,171163.0,836,418.0
4301909,2021,252710.0,126355.0,1200,600.0
4301909,2022,2501386.0,208448.83333333334,7796,649.6666666666666
4301909,2023,540162.0,270081.0,1345,672.5
4301925,2021,4043.0,2021.5,24,12.0
4301925,2022,52477.0,4373.083333333333,173,14.416666666666666
4301925,2023,13644.0,6822.0,32,16.0
4301958,2021,4600.0,2300.0,23,11.5
4301958,2022,78799.0,6566.583333333333,266,22.166666666666668
4301958,2023,17513.0,8756.5,47,23.5
4302006,2021,159280.0,79640.0,943,471.5
4302006,2022,1771089.0,147590.75,6148,512.3333333333334
4302006,2023,408082.0,204041.0,1028,514.0
4302055,2021,161591.0,80795.5,654,327.0
4302055,2022,1650437.0,137536.41666666666,4839,403.25
4302055,2023,402166.0,201083.0,993,496.5
4302105,2021,565068.0,282534.0,2609,1304.5
4302105,2022,6253360.0,521113.3333333333,18154,1512.8333333333333
4302105,2023,1426509.0,713254.5,3116,1558.0
4302154,2021,36715.0,18357.5,185,92.5
4302154,2022,433219.0,36101.583333333336,1409,117.41666666666667
4302154,2023,102770.0,51385.0,260,130.0
4302204,2021,28255.0,14127.5,138,69.0
4302204,2022,355065.0,29588.75,1061,88.41666666666667
4302204,2023,85821.0,42910.5,194,97.0
4302220,2021,24290.0,12145.0,117,58.5
4302220,2022,264083.0,22006.916666666668,824,68.66666666666667
4302220,2023,63826.0,31913.0,153,76.5
4302238,2021,52529.0,26264.5,238,119.0
4302238,2022,528084.0,44007.0,1605,133.75
4302238,2023,128222.0,64111.0,305,152.5
4302253,2021,2692.0,1346.0,14,7.0
4302253,2022,34190.0,2849.1666666666665,105,8.75
4302253,2023,10480.0,5240.0,24,12.0
4302303,2021,498794.0,249397.0,1945,972.5
4302303,2022,5109180.0,425765.0,14191,1182.5833333333333
4302303,2023,1151045.0,575522.5,2704,1352.0
4302352,2021,29889.0,14944.5,147,73.5
4302352,2022,344090.0,28674.166666666668,1015,84.58333333333333
4302352,2023,80370.0,40185.0,179,89.5
4302378,2021,103442.0,51721.0,429,214.5
4302378,2022,1082271.0,90189.25,3215,267.9166666666667
4302378,2023,258244.0,129122.0,608,304.0
4302402,2021,140684.0,70342.0,609,304.5
4302402,2022,1432717.0,119393.08333333333,4197,349.75
4302402,2023,324032.0,162016.0,736,368.0
4302451,2021,133802.0,66901.0,697,348.5
4302451,2022,1526066.0,127172.16666666667,4848,404.0
4302451,2023,355118.0,177559.0,855,427.5
4302501,2021,69787.0,34893.5,470,235.0
4302501,2022,1182227.0,98518.91666666667,4008,334.0
4302501,2023,315874.0,157937.0,789,394.5
4302584,2021,21604.0,10802.0,94,47.0
4302584,2022,202251.0,16854.25,643,53.583333333333336
4302584,2023,42284.0,21142.0,104,52.0
4302600,2021,128665.0,64332.5,570,285.0
4302600,2022,1223005.0,101917.08333333333,3833,319.4166666666667
4302600,2023,252319.0,126159.5,664,332.0
4302659,2021,28625.0,14312.5,128,64.0
4302659,2022,317553.0,26462.75,976,81.33333333333333
4302659,2023,76712.0,38356.0,180,90.0
4302709,2021,642462.0,321231.0,3037,1518.5
4302709,2022,7525748.0,627145.6666666666,22473,1872.75
4302709,2023,1762491.0,881245.5,4176,2088.0
4302808,2021,676029.0,338014.5,3750,1875.0
4302808,2022,8040033.0,670002.75,26516,2209.6666666666665
4302808,2023,1974080.0,987040.0,4793,2396.5
4302907,2021,631914.0,315957.0,2656,1328.0
4302907,2022,5751933.0,479327.75,17347,1445.5833333333333
4302907,2023,1157874.0,578937.0,2921,1460.5
4303004,2021,1870158.0,935079.0,8640,4320.0
4303004,2022,19957753.0,1663146.0833333333,60236,5019.666666666667
4303004,2023,4626585.0,2313292.5,11007,5503.5
4303103,2021,1634425.0,817212.5,7046,3523.0
4303103,2022,20692551.0,1724379.25,55200,4600.0
4303103,2023,5284485.0,2642242.5,10786,5393.0
4303202,2021,141086.0,70543.0,665,332.5
4303202,2022,1339605.0,111633.75,4384,365.3333333333333
4303202,2023,265688.0,132844.0,689,344.5
4303301,2021,74889.0,37444.5,403,201.5
4303301,2022,720949.0,60079.083333333336,2496,208.0
4303301,2023,150462.0,75231.0,393,196.5
4303400,2021,90003.0,45001.5,456,228.0
4303400,2022,1059708.0,88309.0,3431,285.9166666666667
4303400,2023,252656.0,126328.0,607,303.5
4303509,2021,1614628.0,807314.0,7279,3639.5
4303509,2022,17611216.0,1467601.3333333333,51817,4318.083333333333
4303509,2023,3824392.0,1912196.0,9029,4514.5
4303558,2021,9912.0,4956.0,50,25.0
4303558,2022,106194.0,8849.5,368,30.666666666666668
4303558,2023,29210.0,14605.0,72,36.0
4303608,2021,93377.0,46688.5,483,241.5
4303608,2022,954850.0,79570.83333333333,3093,257.75
4303608,2023,216743.0,108371.5,529,264.5
4303673,2021,26882.0,13441.0,133,66.5
4303673,2022,414552.0,34546.0,1308,109.0
4303673,2023,108584.0,54292.0,242,121.0
4303707,2021,23236.0,11618.0,132,66.0
4303707,2022,276978.0,23081.5,914,76.16666666666667
4303707,2023,69042.0,34521.0,165,82.5
4303806,2021,51633.0,25816.5,291,145.5
4303806,2022,476736.0,39728.0,1693,141.08333333333334
4303806,2023,102521.0,51260.5,278,139.0
4303905,2021,177230.0,88615.0,1041,520.5
4303905,2022,2247858.0,187321.5,7290,607.5
4303905,2023,544267.0,272133.5,1251,625.5
4304002,2021,159202.0,79601.0,1007,503.5
4304002,2022,1586764.0,132230.33333333334,5663,471.9166666666667
4304002,2023,388151.0,194075.5,1020,510.0
4304101,2021,90156.0,45078.0,422,211.0
4304101,2022,1094064.0,91172.0,3377,281.4166666666667
4304101,2023,251721.0,125860.5,607,303.5
4304200,2021,430307.0,215153.5,2427,1213.5
4304200,2022,5855354.0,487946.1666666667,19086,1590.5
4304200,2023,1420904.0,710452.0,3472,1736.0
4304309,2021,36848.0,18424.0,202,101.0
4304309,2022,314733.0,26227.75,1058,88.16666666666667
4304309,2023,66031.0,33015.5,157,78.5
4304358,2021,253856.0,126928.0,1213,606.5
4304358,2022,2987946.0,248995.5,9459,788.25
4304358,2023,711781.0,355890.5,1813,906.5
4304408,2021,705486.0,352743.0,2928,1464.0
4304408,2022,8079041.0,673253.4166666666,22290,1857.5
4304408,2023,2137300.0,1068650.0,4479,2239.5
4304507,2021,1039292.0,519646.0,6514,3257.0
4304507,2022,14486929.0,1207244.0833333333,48569,4047.4166666666665
4304507,2023,3807205.0,1903602.5,8954,4477.0
4304606,2021,4958096.0,2479048.0,21171,10585.5
4304606,2022,66709644.0,5559137.0,179967,14997.25
4304606,2023,15841373.0,7920686.5,33288,16644.0
4304614,2021,15408.0,7704.0,86,43.0
4304614,2022,155395.0,12949.583333333334,517,43.083333333333336
4304614,2023,37308.0,18654.0,86,43.0
4304622,2021,29654.0,14827.0,139,69.5
4304622,2022,291862.0,24321.833333333332,909,75.75
4304622,2023,64424.0,32212.0,153,76.5
4304630,2021,856628.0,428314.0,3789,1894.5
4304630,2022,11280563.0,940046.9166666666,32702,2725.1666666666665
4304630,2023,2741996.0,1370998.0,6280,3140.0
4304655,2021,84981.0,42490.5,490,245.0
4304655,2022,948194.0,79016.16666666667,3202,266.8333333333333
4304655,2023,231437.0,115718.5,556,278.0
4304663,2021,773599.0,386799.5,3746,1873.0
4304663,2022,9294691.0,774557.5833333334,28195,2349.5833333333335
4304663,2023,2195380.0,1097690.0,5258,2629.0
4304671,2021,75143.0,37571.5,342,171.0
4304671,2022,894023.0,74501.91666666667,2571,214.25
4304671,2023,206608.0,103304.0,477,238.5
4304689,2021,277218.0,138609.0,1151,575.5
4304689,2022,3079544.0,256628.66666666666,8696,724.6666666666666
4304689,2023,702715.0,351357.5,1640,820.0
4304697,2021,5883.0,2941.5,36,18.0
4304697,2022,99117.0,8259.75,323,26.916666666666668
4304697,2023,28362.0,14181.0,68,34.0
4304705,2021,620650.0,310325.0,3376,1688.0
4304705,2022,6993858.0,582821.5,23210,1934.1666666666667
4304705,2023,1621730.0,810865.0,4149,2074.5
4304713,2021,131318.0,65659.0,552,276.0
4304713,2022,1577620.0,131468.33333333334,4308,359.0
4304713,2023,409583.0,204791.5,872,436.0
4304804,2021,38841.0,19420.5,191,95.5
4304804,2022,540906.0,45075.5,1657,138.08333333333334
4304804,2023,143929.0,71964.5,345,172.5
4304853,2021,8464.0,4232.0,52,26.0
4304853,2022,82751.0,6895.916666666667,310,25.833333333333332
4304853,2023,20160.0,10080.0,52,26.0
4304903,2021,47221.0,23610.5,206,103.0
4304903,2022,508827.0,42402.25,1392,116.0
4304903,2023,112646.0,56323.0,245,122.5
4304952,2021,55716.0,27858.0,245,122.5
4304952,2022,611049.0,50920.75,1870,155.83333333333334
4304952,2023,139918.0,69959.0,344,172.0
4305009,2021,113706.0,56853.0,697,348.5
4305009,2022,1370426.0,114202.16666666667,4841,403.4166666666667
4305009,2023,336374.0,168187.0,836,418.0
4305108,2021,3635875.0,1817937.5,16896,8448.0
4305108,2022,42502103.0,3541841.9166666665,125571,10464.25
4305108,2023,10210176.0,5105088.0,23064,11532.0
4305116,2021,12705.0,6352.5,67,33.5
4305116,2022,111408.0,9284.0,392,32.666666666666664
4305116,2023,27263.0,13631.5,66,33.0
4305124,2021,114175.0,57087.5,700,350.0
4305124,2022,1545659.0,128804.91666666667,5337,444.75
4305124,2023,402354.0,201177.0,963,481.5
4305132,2021,75162.0,37581.0,400,200.0
4305132,2022,928965.0,77413.75,2932,244.33333333333334
4305132,2023,238025.0,119012.5,546,273.0
4305157,2021,69873.0,34936.5,330,165.0
4305157,2022,630950.0,52579.166666666664,2036,169.66666666666666
4305157,2023,136153.0,68076.5,341,170.5
4305173,2021,224410.0,112205.0,1072,536.0
4305173,2022,2669606.0,222467.16666666666,8094,674.5
4305173,2023,650041.0,325020.5,1468,734.0
4305207,2021,90418.0,45209.0,489,244.5
4305207,2022,1123744.0,93645.33333333333,3790,315.8333333333333
4305207,2023,247112.0,123556.0,653,326.5
4305306,2021,60462.0,30231.0,306,153.0
4305306,2022,598902.0,49908.5,1939,161.58333333333334
4305306,2023,141305.0,70652.5,332,166.0
4305355,2021,592892.0,296446.0,2537,1268.5
4305355,2022,6018688.0,501557.3333333333,17309,1442.4166666666667
4305355,2023,1289205.0,644602.5,3017,1508.5
4305371,2021,134668.0,67334.0,511,255.5
4305371,2022,1322246.0,110187.16666666667,3876,323.0
4305371,2023,323921.0,161960.5,851,425.5
4305405,2021,71983.0,35991.5,337,168.5
4305405,2022,864781.0,72065.08333333333,2711,225.91666666666666
4305405,2023,188172.0,94086.0,488,244.0
4305439,2021,80718.0,40359.0,397,198.5
4305439,2022,860386.0,71698.83333333333,2433,202.75
4305439,2023,202018.0,101009.0,396,198.0
4305447,2021,98150.0,49075.0,556,278.0
4305447,2022,1042966.0,86913.83333333333,3517,293.0833333333333
4305447,2023,227122.0,113561.0,563,281.5
4305454,2021,377396.0,188698.0,1577,788.5
4305454,2022,4436109.0,369675.75,12566,1047.1666666666667
4305454,2023,969526.0,484763.0,2216,1108.0
4305504,2021,45862.0,22931.0,234,117.0
4305504,2022,457034.0,38086.166666666664,1416,118.0
4305504,2023,101826.0,50913.0,234,117.0
4305587,2021,7293.0,3646.5,37,18.5
4305587,2022,100202.0,8350.166666666666,300,25.0
4305587,2023,23606.0,11803.0,49,24.5
4305603,2021,24235.0,12117.5,129,64.5
4305603,2022,255442.0,21286.833333333332,876,73.0
4305603,2023,54716.0,27358.0,154,77.0
4305702,2021,114457.0,57228.5,600,300.0
4305702,2022,1301453.0,108454.41666666667,4199,349.9166666666667
4305702,2023,306591.0,153295.5,739,369.5
4305801,2021,127256.0,63628.0,691,345.5
4305801,2022,1312023.0,109335.25,4524,377.0
4305801,2023,266968.0,133484.0,738,369.0
4305835,2021,4011.0,2005.5,26,13.0
4305835,2022,47444.0,3953.6666666666665,164,13.666666666666666
4305835,2023,12800.0,6400.0,32,16.0
4305850,2021,20879.0,10439.5,118,59.0
4305850,2022,169826.0,14152.166666666666,657,54.75
4305850,2023,39920.0,19960.0,97,48.5
4305871,2021,22760.0,11380.0,107,53.5
4305871,2022,224133.0,18677.75,717,59.75
4305871,2023,52445.0,26222.5,130,65.0
4305900,2021,405869.0,202934.5,1734,867.0
4305900,2022,3417323.0,284776.9166666667,10606,883.8333333333334
4305900,2023,707226.0,353613.0,1736,868.0
4305934,2021,2288.0,1144.0,11,5.5
4305934,2022,37647.0,3137.25,103,8.583333333333334
4305934,2023,11934.0,5967.0,22,11.0
4305959,2021,12892.0,6446.0,63,31.5
4305959,2022,129239.0,10769.916666666666,422,35.166666666666664
4305959,2023,16797.0,8398.5,39,19.5
4305975,2021,30443.0,15221.5,162,81.0
4305975,2022,273209.0,22767.416666666668,920,76.66666666666667
4305975,2023,66902.0,33451.0,160,80.0
4306007,2021,100859.0,50429.5,572,286.0
4306007,2022,1003731.0,83644.25,3355,279.5833333333333
4306007,2023,223694.0,111847.0,550,275.0
4306056,2021,178985.0,89492.5,789,394.5
4306056,2022,2122984.0,176915.33333333334,6540,545.0
4306056,2023,472545.0,236272.5,1158,579.0
4306072,2021,89315.0,44657.5,564,282.0
4306072,2022,1173702.0,97808.5,3941,328.4166666666667
4306072,2023,290746.0,145373.0,676,338.0
4306106,2021,583006.0,291503.0,3291,1645.5
4306106,2022,7915953.0,659662.75,24874,2072.8333333333335
4306106,2023,2142377.0,1071188.5,5155,2577.5
4306130,2021,8511.0,4255.5,58,29.0
4306130,2022,94997.0,7916.416666666667,365,30.416666666666668
4306130,2023,20226.0,10113.0,56,28.0
4306205,2021,103892.0,51946.0,522,261.0
4306205,2022,1271877.0,105989.75,3907,325.5833333333333
4306205,2023,311930.0,155965.0,737,368.5
4306304,2021,15041.0,7520.5,84,42.0
4306304,2022,183694.0,15307.833333333334,588,49.0
4306304,2023,52503.0,26251.5,115,57.5
4306320,2021,34043.0,17021.5,204,102.0
4306320,2022,305555.0,25462.916666666668,1109,92.41666666666667
4306320,2023,64786.0,32393.0,173,86.5
4306353,2021,101539.0,50769.5,601,300.5
4306353,2022,1137369.0,94780.75,3964,330.3333333333333
4306353,2023,274462.0,137231.0,661,330.5
4306379,2021,99426.0,49713.0,461,230.5
4306379,2022,982658.0,81888.16666666667,3015,251.25
4306379,2023,219782.0,109891.0,545,272.5
4306403,2021,97615.0,48807.5,422,211.0
4306403,2022,1193737.0,99478.08333333333,3313,276.0833333333333
4306403,2023,271534.0,135767.0,561,280.5
4306429,2021,61341.0,30670.5,295,147.5
4306429,2022,478394.0,39866.166666666664,1589,132.41666666666666
4306429,2023,101379.0,50689.5,252,126.0
4306452,2021,9384.0,4692.0,52,26.0
4306452,2022,122924.0,10243.666666666666,383,31.916666666666668
4306452,2023,31301.0,15650.5,68,34.0
4306502,2021,310745.0,155372.5,1689,844.5
4306502,2022,3259964.0,271663.6666666667,11000,916.6666666666666
4306502,2023,722491.0,361245.5,1814,907.0
4306551,2021,34813.0,17406.5,181,90.5
4306551,2022,372519.0,31043.25,1159,96.58333333333333
4306551,2023,93222.0,46611.0,210,105.0
4306601,2021,858024.0,429012.0,4421,2210.5
4306601,2022,9099141.0,758261.75,29524,2460.3333333333335
4306601,2023,2104512.0,1052256.0,5309,2654.5
4306700,2021,91192.0,45596.0,450,225.0
4306700,2022,814807.0,67900.58333333333,2837,236.41666666666666
4306700,2023,177767.0,88883.5,476,238.0
4306734,2021,39219.0,19609.5,223,111.5
4306734,2022,403841.0,33653.416666666664,1397,116.41666666666667
4306734,2023,98689.0,49344.5,247,123.5
4306759,2021,11341.0,5670.5,54,27.0
4306759,2022,89843.0,7486.916666666667,303,25.25
4306759,2023,14977.0,7488.5,37,18.5
4306767,2021,936089.0,468044.5,3833,1916.5
4306767,2022,11589125.0,965760.4166666666,33000,2750.0
4306767,2023,2674047.0,1337023.5,6136,3068.0
4306809,2021,93155.0,46577.5,480,240.0
4306809,2022,1320235.0,110019.58333333333,3975,331.25
4306809,2023,367978.0,183989.0,839,419.5
4306908,2021,405576.0,202788.0,2344,1172.0
4306908,2022,5489407.0,457450.5833333333,18493,1541.0833333333333
4306908,2023,1346276.0,673138.0,3463,1731.5
4306924,2021,83620.0,41810.0,244,122.0
4306924,2022,642937.0,53578.083333333336,1646,137.16666666666666
4306924,2023,114484.0,57242.0,304,152.0
4306932,2021,82962.0,41481.0,484,242.0
4306932,2022,899465.0,74955.41666666667,3138,261.5
4306932,2023,216429.0,108214.5,565,282.5
4306957,2021,59609.0,29804.5,280,140.0
4306957,2022,502064.0,41838.666666666664,1637,136.41666666666666
4306957,2023,101641.0,50820.5,250,125.0
4306973,2021,73800.0,36900.0,375,187.5
4306973,2022,863621.0,71968.41666666667,2831,235.91666666666666
4306973,2023,216177.0,108088.5,598,299.0
4307005,2021,602363.0,301181.5,3093,1546.5
4307005,2022,7767587.0,647298.9166666666,24400,2033.3333333333333
4307005,2023,1722076.0,861038.0,4168,2084.0
4307054,2021,33290.0,16645.0,167,83.5
4307054,2022,356380.0,29698.333333333332,1147,95.58333333333333
4307054,2023,76586.0,38293.0,187,93.5
4307104,2021,293852.0,146926.0,1479,739.5
4307104,2022,3488904.0,290742.0,10922,910.1666666666666
4307104,2023,888906.0,444453.0,2107,1053.5
4307203,2021,78703.0,39351.5,399,199.5
4307203,2022,1009983.0,84165.25,3209,267.4166666666667
4307203,2023,247605.0,123802.5,566,283.0
4307302,2021,184172.0,92086.0,826,413.0
4307302,2022,1481253.0,123437.75,4728,394.0
4307302,2023,313430.0,156715.0,781,390.5
4307401,2021,62543.0,31271.5,280,140.0
4307401,2022,632785.0,52732.083333333336,1936,161.33333333333334
4307401,2023,151764.0,75882.0,352,176.0
4307450,2021,37933.0,18966.5,226,113.0
4307450,2022,737319.0,61443.25,2158,179.83333333333334
4307450,2023,200928.0,100464.0,412,206.0
4307500,2021,198501.0,99250.5,1112,556.0
4307500,2022,2319612.0,193301.0,7748,645.6666666666666
4307500,2023,547330.0,273665.0,1372,686.0
4307559,2021,52352.0,26176.0,265,132.5
4307559,2022,618155.0,51512.916666666664,1938,161.5
4307559,2023,160840.0,80420.0,385,192.5
4307609,2021,332405.0,166202.5,1637,818.5
4307609,2022,3848597.0,320716.4166666667,11120,926.6666666666666
4307609,2023,945047.0,472523.5,2012,1006.0
4307708,2021,1260557.0,630278.5,5266,2633.0
4307708,2022,15172203.0,1264350.25,41398,3449.8333333333335
4307708,2023,3525224.0,1762612.0,7698,3849.0
4307807,2021,194690.0,97345.0,855,427.5
4307807,2022,2813556.0,234463.0,7996,666.3333333333334
4307807,2023,716009.0,358004.5,1614,807.0
4307815,2021,38046.0,19023.0,232,116.0
4307815,2022,717658.0,59804.833333333336,2229,185.75
4307815,2023,202227.0,101113.5,470,235.0
4307831,2021,54140.0,27070.0,293,146.5
4307831,2022,546547.0,45545.583333333336,1820,151.66666666666666
4307831,2023,123075.0,61537.5,310,155.0
4307864,2021,3544.0,1772.0,11,5.5
4307864,2022,19570.0,1630.8333333333333,58,4.833333333333333
4307864,2023,6400.0,3200.0,16,8.0
4307906,2021,641287.0,320643.5,2685,1342.5
4307906,2022,7684777.0,640398.0833333334,21559,1796.5833333333333
4307906,2023,1807604.0,903802.0,4002,2001.0
4308003,2021,125337.0,62668.5,634,317.0
4308003,2022,1675808.0,139650.66666666666,5325,443.75
4308003,2023,412846.0,206423.0,1021,510.5
4308052,2021,61735.0,30867.5,294,147.0
4308052,2022,705925.0,58827.083333333336,2144,178.66666666666666
4308052,2023,175493.0,87746.5,433,216.5
4308078,2021,52300.0,26150.0,216,108.0
4308078,2022,706215.0,58851.25,1927,160.58333333333334
4308078,2023,153379.0,76689.5,317,158.5
4308102,2021,42864.0,21432.0,201,100.5
4308102,2022,569553.0,47462.75,1657,138.08333333333334
4308102,2023,155496.0,77748.0,327,163.5
4308201,2021,121983.0,60991.5,513,256.5
4308201,2022,1272187.0,106015.58333333333,3739,311.5833333333333
4308201,2023,283376.0,141688.0,687,343.5
4308250,2021,13059.0,6529.5,73,36.5
4308250,2022,153273.0,12772.75,532,44.333333333333336
4308250,2023,39680.0,19840.0,97,48.5
4308300,2021,326868.0,163434.0,1802,901.0
4308300,2022,3991764.0,332647.0,12860,1071.6666666666667
4308300,2023,1074679.0,537339.5,2516,1258.0
4308409,2021,208980.0,104490.0,986,493.0
4308409,2022,2052938.0,171078.16666666666,6377,531.4166666666666
4308409,2023,480576.0,240288.0,1170,585.0
4308433,2021,14066.0,7033.0,72,36.0
4308433,2022,129559.0,10796.583333333334,374,31.166666666666668
4308433,2023,29100.0,14550.0,64,32.0
4308458,2021,59113.0,29556.5,301,150.5
4308458,2022,951509.0,79292.41666666667,2763,230.25
4308458,2023,185692.0,92846.0,439,219.5
4308508,2021,269391.0,134695.5,1452,726.0
4308508,2022,2946063.0,245505.25,9621,801.75
4308508,2023,676995.0,338497.5,1725,862.5
4308607,2021,71431.0,35715.5,342,171.0
4308607,2022,902087.0,75173.91666666667,2381,198.41666666666666
4308607,2023,242949.0,121474.5,446,223.0
4308656,2021,67590.0,33795.0,391,195.5
4308656,2022,667515.0,55626.25,2258,188.16666666666666
4308656,2023,154427.0,77213.5,380,190.0
4308706,2021,33467.0,16733.5,197,98.5
4308706,2022,327880.0,27323.333333333332,1176,98.0
4308706,2023,71823.0,35911.5,193,96.5
4308805,2021,224778.0,112389.0,1076,538.0
4308805,2022,2648238.0,220686.5,8161,680.0833333333334
4308805,2023,605227.0,302613.5,1472,736.0
4308854,2021,29388.0,14694.0,101,50.5
4308854,2022,242676.0,20223.0,670,55.833333333333336
4308854,2023,50085.0,25042.5,126,63.0
4308904,2021,64901.0,32450.5,365,182.5
4308904,2022,727719.0,60643.25,2412,201.0
4308904,2023,165685.0,82842.5,400,200.0
4309001,2021,545514.0,272757.0,2435,1217.5
4309001,2022,6147558.0,512296.5,18485,1540.4166666666667
4309001,2023,1392669.0,696334.5,3455,1727.5
4309050,2021,98408.0,49204.0,452,226.0
4309050,2022,1200207.0,100017.25,3527,293.9166666666667
4309050,2023,279092.0,139546.0,624,312.0
4309100,2021,277891.0,138945.5,1145,572.5
4309100,2022,3377492.0,281457.6666666667,8993,749.4166666666666
4309100,2023,840893.0,420446.5,1679,839.5
4309126,2021,95411.0,47705.5,409,204.5
4309126,2022,845516.0,70459.66666666667,2743,228.58333333333334
4309126,2023,177084.0,88542.0,482,241.0
4309159,2021,70531.0,35265.5,384,192.0
4309159,2022,680100.0,56675.0,2324,193.66666666666666
4309159,2023,142976.0,71488.0,354,177.0
4309209,2021,4827570.0,2413785.0,20719,10359.5
4309209,2022,55581056.0,4631754.666666667,152037,12669.75
4309209,2023,13160698.0,6580349.0,28158,14079.0
4309258,2021,8776.0,4388.0,38,19.0
4309258,2022,74908.0,6242.333333333333,243,20.25
4309258,2023,15932.0,7966.0,42,21.0
4309308,2021,1333350.0,666675.0,6387,3193.5
4309308,2022,18910171.0,1575847.5833333333,53692,4474.333333333333
4309308,2023,4966663.0,2483331.5,10879,5439.5
4309407,2021,104941.0,52470.5,490,245.0
4309407,2022,1433913.0,119492.75,4018,334.8333333333333
4309407,2023,390475.0,195237.5,825,412.5
4309506,2021,100325.0,50162.5,619,309.5
4309506,2022,1414896.0,117908.0,4848,404.0
4309506,2023,365003.0,182501.5,890,445.0
4309555,2021,13000.0,6500.0,65,32.5
4309555,2022,156908.0,13075.666666666666,466,38.833333333333336
4309555,2023,36982.0,18491.0,81,40.5
4309571,2021,49998.0,24999.0,220,110.0
4309571,2022,435046.0,36253.833333333336,1361,113.41666666666667
4309571,2023,100482.0,50241.0,251,125.5
4309605,2021,143810.0,71905.0,765,382.5
4309605,2022,1506285.0,125523.75,4937,411.4166666666667
4309605,2023,343311.0,171655.5,843,421.5
4309654,2021,385069.0,192534.5,1537,768.5
4309654,2022,3607563.0,300630.25,10689,890.75
4309654,2023,822147.0,411073.5,1988,994.0
4309704,2021,36508.0,18254.0,185,92.5
4309704,2022,398659.0,33221.583333333336,1278,106.5
4309704,2023,89207.0,44603.5,212,106.0
4309753,2021,84831.0,42415.5,485,242.5
4309753,2022,880709.0,73392.41666666667,3045,253.75
4309753,2023,193474.0,96737.0,498,249.0
4309803,2021,40926.0,20463.0,209,104.5
4309803,2022,511191.0,42599.25,1619,134.91666666666666
4309803,2023,125988.0,62994.0,299,149.5
4309902,2021,86667.0,43333.5,382,191.0
4309902,2022,953253.0,79437.75,2850,237.5
4309902,2023,214204.0,107102.0,513,256.5
4309951,2021,113204.0,56602.0,480,240.0
4309951,2022,935163.0,77930.25,2900,241.66666666666666
4309951,2023,198622.0,99311.0,490,245.0
4310009,2021,42529.0,21264.5,258,129.0
4310009,2022,468130.0,39010.833333333336,1688,140.66666666666666
4310009,2023,107207.0,53603.5,283,141.5
4310108,2021,212751.0,106375.5,945,472.5
4310108,2022,3145846.0,262153.8333333333,8794,732.8333333333334
4310108,2023,832354.0,416177.0,1767,883.5
4310207,2021,797021.0,398510.5,4315,2157.5
4310207,2022,10188087.0,849007.25,33286,2773.8333333333335
4310207,2023,2515358.0,1257679.0,6381,3190.5
4310306,2021,23027.0,11513.5,118,59.0
4310306,2022,235306.0,19608.833333333332,814,67.83333333333333
4310306,2023,53030.0,26515.0,143,71.5
4310330,2021,360744.0,180372.0,1766,883.0
4310330,2022,4898191.0,408182.5833333333,14464,1205.3333333333333
4310330,2023,1154899.0,577449.5,2617,1308.5
4310363,2021,6806.0,3403.0,36,18.0
4310363,2022,79373.0,6614.416666666667,260,21.666666666666668
4310363,2023,17620.0,8810.0,44,22.0
4310405,2021,117430.0,58715.0,582,291.0
4310405,2022,1316925.0,109743.75,4134,344.5
4310405,2023,314692.0,157346.0,764,382.0
4310413,2021,67841.0,33920.5,380,190.0
4310413,2022,673689.0,56140.75,2353,196.08333333333334
4310413,2023,136173.0,68086.5,355,177.5
4310439,2021,40837.0,20418.5,192,96.0
4310439,2022,532698.0,44391.5,1505,125.41666666666667
4310439,2023,144817.0,72408.5,332,166.0
4310462,2021,4553.0,2276.5,24,12.0
4310462,2022,38677.0,3223.0833333333335,134,11.166666666666666
4310462,2023,12240.0,6120.0,30,15.0
4310504,2021,216521.0,108260.5,1129,564.5
4310504,2022,2139459.0,178288.25,7052,587.6666666666666
4310504,2023,491843.0,245921.5,1283,641.5
4310538,2021,66223.0,33111.5,327,163.5
4310538,2022,723410.0,60284.166666666664,2284,190.33333333333334
4310538,2023,170314.0,85157.0,399,199.5
4310553,2021,128924.0,64462.0,671,335.5
4310553,2022,1279480.0,106623.33333333333,4180,348.3333333333333
4310553,2023,282518.0,141259.0,712,356.0
4310579,2021,16997.0,8498.5,97,48.5
4310579,2022,250434.0,20869.5,846,70.5
4310579,2023,59546.0,29773.0,148,74.0
4310603,2021,627591.0,313795.5,3225,1612.5
4310603,2022,7813416.0,651118.0,24897,2074.75
4310603,2023,1876972.0,938486.0,4713,2356.5
4310652,2021,53953.0,26976.5,297,148.5
4310652,2022,621466.0,51788.833333333336,1987,165.58333333333334
4310652,2023,154720.0,77360.0,354,177.0
4310702,2021,36800.0,18400.0,197,98.5
4310702,2022,378638.0,31553.166666666668,1264,105.33333333333333
4310702,2023,93465.0,46732.5,225,112.5
4310751,2021,21190.0,10595.0,102,51.0
4310751,2022,250150.0,20845.833333333332,747,62.25
4310751,2023,65025.0,32512.5,150,75.0
4310801,2021,69518.0,34759.0,296,148.0
4310801,2022,611113.0,50926.083333333336,1728,144.0
4310801,2023,136432.0,68216.0,298,149.0
4310850,2021,115084.0,57542.0,557,278.5
4310850,2022,1007181.0,83931.75,3197,266.4166666666667
4310850,2023,198595.0,99297.5,480,240.0
4310876,2021,90056.0,45028.0,437,218.5
4310876,2022,917650.0,76470.83333333333,2894,241.16666666666666
4310876,2023,209465.0,104732.5,512,256.0
4310900,2021,25506.0,12753.0,126,63.0
4310900,2022,244923.0,20410.25,791,65.91666666666667
4310900,2023,51444.0,25722.0,136,68.0
4311007,2021,541342.0,270671.0,2557,1278.5
4311007,2022,7325841.0,610486.75,21055,1754.5833333333333
4311007,2023,1945965.0,972982.5,4282,2141.0
4311106,2021,185138.0,92569.0,1031,515.5
4311106,2022,2200848.0,183404.0,7145,595.4166666666666
4311106,2023,516700.0,258350.0,1263,631.5
4311122,2021,171837.0,85918.5,667,333.5
4311122,2022,1643853.0,136987.75,4863,405.25
4311122,2023,324787.0,162393.5,812,406.0
4311130,2021,82246.0,41123.0,422,211.0
4311130,2022,1017217.0,84768.08333333333,3112,259.3333333333333
4311130,2023,254425.0,127212.5,583,291.5
4311155,2021,244315.0,122157.5,935,467.5
4311155,2022,2327918.0,193993.16666666666,6487,540.5833333333334
4311155,2023,506899.0,253449.5,1195,597.5
4311205,2021,309710.0,154855.0,1636,818.0
4311205,2022,3754977.0,312914.75,12165,1013.75
4311205,2023,848758.0,424379.0,2186,1093.0
4311239,2021,58356.0,29178.0,307,153.5
4311239,2022,585502.0,48791.833333333336,1967,163.91666666666666
4311239,2023,132456.0,66228.0,316,158.0
4311254,2021,157204.0,78602.0,951,475.5
4311254,2022,2012266.0,167688.83333333334,6863,571.9166666666666
4311254,2023,507628.0,253814.0,1232,616.0
4311270,2021,7942.0,3971.0,40,20.0
4311270,2022,56856.0,4738.0,202,16.833333333333332
4311270,2023,15360.0,7680.0,36,18.0
4311304,2021,519333.0,259666.5,2456,1228.0
4311304,2022,5726116.0,477176.3333333333,17867,1488.9166666666667
4311304,2023,1294651.0,647325.5,3244,1622.0
4311403,2021,503233.0,251616.5,2330,1165.0
4311403,2022,5837565.0,486463.75,17093,1424.4166666666667
4311403,2023,1443503.0,721751.5,3195,1597.5
4311429,2021,91684.0,45842.0,466,233.0
4311429,2022,1184589.0,98715.75,3754,312.8333333333333
4311429,2023,309852.0,154926.0,763,381.5
4311502,2021,169682.0,84841.0,786,393.0
4311502,2022,1772240.0,147686.66666666666,5397,449.75
4311502,2023,416288.0,208144.0,962,481.0
4311601,2021,67787.0,33893.5,400,200.0
4311601,2022,807396.0,67283.0,2797,233.08333333333334
4311601,2023,199202.0,99601.0,508,254.0
4311627,2021,56982.0,28491.0,248,124.0
4311627,2022,758532.0,63211.0,2079,173.25
4311627,2023,189048.0,94524.0,404,202.0
4311643,2021,4074.0,2037.0,21,10.5
4311643,2022,41897.0,3491.4166666666665,116,9.666666666666666
4311643,2023,10922.0,5461.0,22,11.0
4311700,2021,55120.0,27560.0,308,154.0
4311700,2022,539862.0,44988.5,1912,159.33333333333334
4311700,2023,108982.0,54491.0,310,155.0
4311718,2021,125561.0,62780.5,678,339.0
4311718,2022,1792591.0,149382.58333333334,5642,470.1666666666667
4311718,2023,467134.0,233567.0,1073,536.5
4311734,2021,59992.0,29996.0,343,171.5
4311734,2022,721757.0,60146.416666666664,2365,197.08333333333334
4311734,2023,173953.0,86976.5,400,200.0
4311759,2021,128767.0,64383.5,684,342.0
4311759,2022,1390572.0,115881.0,4602,383.5
4311759,2023,332384.0,166192.0,809,404.5
4311775,2021,165972.0,82986.0,684,342.0
4311775,2022,1804413.0,150367.75,5120,426.6666666666667
4311775,2023,409920.0,204960.0,927,463.5
4311791,2021,11484.0,5742.0,58,29.0
4311791,2022,162039.0,13503.25,534,44.5
4311791,2023,40622.0,20311.0,104,52.0
4311809,2021,201265.0,100632.5,1027,513.5
4311809,2022,2010116.0,167509.66666666666,6360,530.0
4311809,2023,472904.0,236452.0,1135,567.5
4311908,2021,33791.0,16895.5,183,91.5
4311908,2022,277792.0,23149.333333333332,927,77.25
4311908,2023,45835.0,22917.5,104,52.0
4311981,2021,69272.0,34636.0,339,169.5
4311981,2022,858109.0,71509.08333333333,2581,215.08333333333334
4311981,2023,188414.0,94207.0,445,222.5
4312005,2021,6844.0,3422.0,46,23.0
4312005,2022,73347.0,6112.25,304,25.333333333333332
4312005,2023,21840.0,10920.0,56,28.0
4312054,2021,22127.0,11063.5,104,52.0
4312054,2022,223667.0,18638.916666666668,694,57.833333333333336
4312054,2023,54655.0,27327.5,132,66.0
4312104,2021,93527.0,46763.5,568,284.0
4312104,2022,1048213.0,87351.08333333333,3628,302.3333333333333
4312104,2023,246606.0,123303.0,627,313.5
4312138,2021,51149.0,25574.5,196,98.0
4312138,2022,456539.0,38044.916666666664,1350,112.5
4312138,2023,97887.0,48943.5,245,122.5
4312153,2021,55058.0,27529.0,232,116.0
4312153,2022,618417.0,51534.75,1911,159.25
4312153,2023,134297.0,67148.5,342,171.0
4312179,2021,26086.0,13043.0,125,62.5
4312179,2022,241299.0,20108.25,818,68.16666666666667
4312179,2023,50966.0,25483.0,140,70.0
4312203,2021,80747.0,40373.5,370,185.0
4312203,2022,818821.0,68235.08333333333,2591,215.91666666666666
4312203,2023,186463.0,93231.5,484,242.0
4312252,2021,296587.0,148293.5,1314,657.0
4312252,2022,3211035.0,267586.25,9679,806.5833333333334
4312252,2023,706011.0,353005.5,1810,905.0
4312302,2021,148116.0,74058.0,660,330.0
4312302,2022,1266836.0,105569.66666666667,4034,336.1666666666667
4312302,2023,275856.0,137928.0,691,345.5
4312351,2021,2394.0,1197.0,7,3.5
4312351,2022,21186.0,1765.5,49,4.083333333333333
4312351,2023,4144.0,2072.0,8,4.0
4312377,2021,67665.0,33832.5,313,156.5
4312377,2022,661541.0,55128.416666666664,1971,164.25
4312377,2023,152814.0,76407.0,363,181.5
4312385,2021,4237.0,2118.5,21,10.5
4312385,2022,52876.0,4406.333333333333,156,13.0
4312385,2023,15130.0,7565.0,32,16.0
4312401,2021,888124.0,444062.0,3779,1889.5
4312401,2022,10090212.0,840851.0,27728,2310.6666666666665
4312401,2023,2399468.0,1199734.0,5146,2573.0
4312427,2021,50276.0,25138.0,256,128.0
4312427,2022,634087.0,52840.583333333336,1940,161.66666666666666
4312427,2023,142160.0,71080.0,330,165.0
4312443,2021,27198.0,13599.0,135,67.5
4312443,2022,355992.0,29666.0,1012,84.33333333333333
4312443,2023,95309.0,47654.5,194,97.0
4312450,2021,174906.0,87453.0,794,397.0
4312450,2022,1820086.0,151673.83333333334,5681,473.4166666666667
4312450,2023,409400.0,204700.0,978,489.0
4312476,2021,25729.0,12864.5,121,60.5
4312476,2022,282450.0,23537.5,696,58.0
4312476,2023,69467.0,34733.5,122,61.0
4312500,2021,318160.0,159080.0,1484,742.0
4312500,2022,3331235.0,277602.9166666667,10103,841.9166666666666
4312500,2023,790221.0,395110.5,1843,921.5
4312609,2021,26667.0,13333.5,114,57.0
4312609,2022,299116.0,24926.333333333332,826,68.83333333333333
4312609,2023,79358.0,39679.0,170,85.0
4312617,2021,56510.0,28255.0,209,104.5
4312617,2022,581836.0,48486.333333333336,1629,135.75
4312617,2023,120072.0,60036.0,286,143.0
4312625,2021,60853.0,30426.5,193,96.5
4312625,2022,451174.0,37597.833333333336,1215,101.25
4312625,2023,85149.0,42574.5,218,109.0
4312658,2021,101683.0,50841.5,554,277.0
4312658,2022,1046319.0,87193.25,3501,291.75
4312658,2023,238603.0,119301.5,584,292.0
4312674,2021,41165.0,20582.5,157,78.5
4312674,2022,409361.0,34113.416666666664,1143,95.25
4312674,2023,87251.0,43625.5,198,99.0
4312708,2021,232846.0,116423.0,1368,684.0
4312708,2022,2813390.0,234449.16666666666,9688,807.3333333333334
4312708,2023,675622.0,337811.0,1774,887.0
4312757,2021,8888.0,4444.0,56,28.0
4312757,2022,179699.0,14974.916666666666,514,42.833333333333336
4312757,2023,58538.0,29269.0,125,62.5
4312807,2021,6680.0,3340.0,32,16.0
4312807,2022,97944.0,8162.0,257,21.416666666666668
4312807,2023,35689.0,17844.5,65,32.5
4312906,2021,27856.0,13928.0,131,65.5
4312906,2022,294547.0,24545.583333333332,886,73.83333333333333
4312906,2023,73947.0,36973.5,168,84.0
4312955,2021,2589.0,1294.5,19,9.5
4312955,2022,37421.0,3118.4166666666665,128,10.666666666666666
4312955,2023,10400.0,5200.0,26,13.0
4313003,2021,9810.0,4905.0,47,23.5
4313003,2022,110721.0,9226.75,341,28.416666666666668
4313003,2023,26174.0,13087.0,64,32.0
4313011,2021,5767.0,2883.5,25,12.5
4313011,2022,76984.0,6415.333333333333,251,20.916666666666668
4313011,2023,16358.0,8179.0,44,22.0
4313037,2021,63393.0,31696.5,275,137.5
4313037,2022,712099.0,59341.583333333336,2113,176.08333333333334
4313037,2023,158295.0,79147.5,388,194.0
4313060,2021,209125.0,104562.5,932,466.0
4313060,2022,2349717.0,195809.75,6899,574.9166666666666
4313060,2023,529550.0,264775.0,1217,608.5
4313086,2021,4955.0,2477.5,33,16.5
4313086,2022,61345.0,5112.083333333333,220,18.333333333333332
4313086,2023,13920.0,6960.0,41,20.5
4313102,2021,78702.0,39351.0,372,186.0
4313102,2022,776686.0,64723.833333333336,2471,205.91666666666666
4313102,2023,164816.0,82408.0,414,207.0
4313201,2021,47124.0,23562.0,216,108.0
4313201,2022,671890.0,55990.833333333336,1796,149.66666666666666
4313201,2023,163110.0,81555.0,322,161.0
4313300,2021,174333.0,87166.5,819,409.5
4313300,2022,1940106.0,161675.5,5739,478.25
4313300,2023,490346.0,245173.0,1107,553.5
4313334,2021,20325.0,10162.5,110,55.0
4313334,2022,157247.0,13103.916666666666,565,47.083333333333336
4313334,2023,34907.0,17453.5,86,43.0
4313359,2021,2072.0,1036.0,8,4.0
4313359,2022,25379.0,2114.9166666666665,81,6.75
4313359,2023,7200.0,3600.0,18,9.0
4313375,2021,453749.0,226874.5,1949,974.5
4313375,2022,7768541.0,647378.4166666666,19807,1650.5833333333333
4313375,2023,2191883.0,1095941.5,4464,2232.0
4313391,2021,53682.0,26841.0,334,167.0
4313391,2022,638999.0,53249.916666666664,2200,183.33333333333334
4313391,2023,149470.0,74735.0,367,183.5
4313409,2021,2809563.0,1404781.5,12982,6491.0
4313409,2022,29348625.0,2445718.75,88391,7365.916666666667
4313409,2023,6885444.0,3442722.0,15994,7997.0
4313425,2021,82397.0,41198.5,487,243.5
4313425,2022,780969.0,65080.75,2689,224.08333333333334
4313425,2023,173664.0,86832.0,423,211.5
4313441,2021,54456.0,27228.0,243,121.5
4313441,2022,509219.0,42434.916666666664,1579,131.58333333333334
4313441,2023,120993.0,60496.5,288,144.0
4313466,2021,11095.0,5547.5,63,31.5
4313466,2022,127404.0,10617.0,435,36.25
4313466,2023,33848.0,16924.0,85,42.5
4313490,2021,66622.0,33311.0,365,182.5
4313490,2022,1338043.0,111503.58333333333,3976,331.3333333333333
4313490,2023,374818.0,187409.0,847,423.5
4313508,2021,733916.0,366958.0,3062,1531.0
4313508,2022,9139706.0,761642.1666666666,25414,2117.8333333333335
4313508,2023,2224706.0,1112353.0,4930,2465.0
4313607,2021,36352.0,18176.0,249,124.5
4313607,2022,478479.0,39873.25,1703,141.91666666666666
4313607,2023,126549.0,63274.5,315,157.5
4313656,2021,408933.0,204466.5,1724,862.0
4313656,2022,5072897.0,422741.4166666667,13702,1141.8333333333333
4313656,2023,1205173.0,602586.5,2597,1298.5
4313706,2021,730152.0,365076.0,3757,1878.5
4313706,2022,8501866.0,708488.8333333334,27636,2303.0
4313706,2023,2034631.0,1017315.5,5102,2551.0
4313805,2021,168654.0,84327.0,878,439.0
4313805,2022,1952423.0,162701.91666666666,6113,509.4166666666667
4313805,2023,468108.0,234054.0,1114,557.0
4313904,2021,395378.0,197689.0,1719,859.5
4313904,2022,3779099.0,314924.9166666667,11082,923.5
4313904,2023,865581.0,432790.5,1980,990.0
4313953,2021,222429.0,111214.5,1065,532.5
4313953,2022,3348280.0,279023.3333333333,9651,804.25
4313953,2023,858478.0,429239.0,1931,965.5
4314001,2021,18197.0,9098.5,94,47.0
4314001,2022,181539.0,15128.25,567,47.25
4314001,2023,38998.0,19499.0,88,44.0
4314027,2021,154718.0,77359.0,752,376.0
4314027,2022,1845186.0,153765.5,5711,475.9166666666667
4314027,2023,428014.0,214007.0,993,496.5
4314035,2021,28809.0,14404.5,133,66.5
4314035,2022,333194.0,27766.166666666668,995,82.91666666666667
4314035,2023,76440.0,38220.0,172,86.0
4314050,2021,751243.0,375621.5,3389,1694.5
4314050,2022,9387435.0,782286.25,26626,2218.8333333333335
4314050,2023,2328991.0,1164495.5,5124,2562.0
4314068,2021,86212.0,43106.0,483,241.5
4314068,2022,812066.0,67672.16666666667,2828,235.66666666666666
4314068,2023,171388.0,85694.0,426,213.0
4314076,2021,84767.0,42383.5,419,209.5
4314076,2022,979952.0,81662.66666666667,3052,254.33333333333334
4314076,2023,183079.0,91539.5,446,223.0
4314100,2021,2607754.0,1303877.0,11054,5527.0
4314100,2022,31360182.0,2613348.5,87350,7279.166666666667
4314100,2023,7631017.0,3815508.5,16876,8438.0
4314134,2021,7336.0,3668.0,30,15.0
4314134,2022,76749.0,6395.75,240,20.0
4314134,2023,16366.0,8183.0,43,21.5
4314159,2021,77391.0,38695.5,388,194.0
4314159,2022,989292.0,82441.0,2919,243.25
4314159,2023,232863.0,116431.5,528,264.0
4314175,2021,86005.0,43002.5,435,217.5
4314175,2022,850378.0,70864.83333333333,2839,236.58333333333334
4314175,2023,193725.0,96862.5,470,235.0
4314209,2021,270424.0,135212.0,1277,638.5
4314209,2022,3402583.0,283548.5833333333,10283,856.9166666666666
4314209,2023,805263.0,402631.5,1892,946.0
4314308,2021,43270.0,21635.0,218,109.0
4314308,2022,507904.0,42325.333333333336,1638,136.5
4314308,2023,116271.0,58135.5,290,145.0
4314407,2021,3791021.0,1895510.5,19155,9577.5
4314407,2022,53812373.0,4484364.416666667,156144,13012.0
4314407,2023,14976688.0,7488344.0,32954,16477.0
4314423,2021,7625.0,3812.5,35,17.5
4314423,2022,72417.0,6034.75,228,19.0
4314423,2023,15384.0,7692.0,36,18.0
4314456,2021,8479.0,4239.5,51,25.5
4314456,2022,102925.0,8577.083333333334,355,29.583333333333332
4314456,2023,29150.0,14575.0,75,37.5
4314464,2021,44875.0,22437.5,238,119.0
4314464,2022,502180.0,41848.333333333336,1604,133.66666666666666
4314464,2023,123650.0,61825.0,291,145.5
4314472,2021,71054.0,35527.0,398,199.0
4314472,2022,715482.0,59623.5,2440,203.33333333333334
4314472,2023,161810.0,80905.0,413,206.5
4314498,2021,80808.0,40404.0,434,217.0
4314498,2022,1044245.0,87020.41666666667,3263,271.9166666666667
4314498,2023,271559.0,135779.5,626,313.0
4314506,2021,507491.0,253745.5,2424,1212.0
4314506,2022,5717351.0,476445.9166666667,17286,1440.5
4314506,2023,1308693.0,654346.5,3081,1540.5
4314548,2021,5113.0,2556.5,23,11.5
4314548,2022,83539.0,6961.583333333333,258,21.5
4314548,2023,18758.0,9379.0,50,25.0
4314555,2021,53671.0,26835.5,325,162.5
4314555,2022,560787.0,46732.25,1873,156.08333333333334
4314555,2023,120354.0,60177.0,285,142.5
4314605,2021,301679.0,150839.5,1850,925.0
4314605,2022,3898511.0,324875.9166666667,13333,1111.0833333333333
4314605,2023,1014776.0,507388.0,2492,1246.0
4314704,2021,220495.0,110247.5,1087,543.5
4314704,2022,2273292.0,189441.0,7498,624.8333333333334
4314704,2023,501365.0,250682.5,1287,643.5
4314753,2021,3832.0,1916.0,21,10.5
4314753,2022,38024.0,3168.6666666666665,138,11.5
4314753,2023,7200.0,3600.0,18,9.0
4314779,2021,47932.0,23966.0,247,123.5
4314779,2022,462461.0,38538.416666666664,1570,130.83333333333334
4314779,2023,101506.0,50753.0,268,134.0
4314787,2021,4613.0,2306.5,35,17.5
4314787,2022,54891.0,4574.25,211,17.583333333333332
4314787,2023,13200.0,6600.0,33,16.5
4314803,2021,487251.0,243625.5,2474,1237.0
4314803,2022,5326522.0,443876.8333333333,17016,1418.0
4314803,2023,1174021.0,587010.5,2762,1381.0
4314902,2021,23679628.0,11839814.0,97738,48869.0
4314902,2022,259894808.0,21657900.666666668,707983,58998.583333333336
4314902,2023,64189427.0,32094713.5,139430,69715.0
4315008,2021,69894.0,34947.0,412,206.0
4315008,2022,755668.0,62972.333333333336,2647,220.58333333333334
4315008,2023,175968.0,87984.0,435,217.5
4315057,2021,52956.0,26478.0,224,112.0
4315057,2022,463356.0,38613.0,1354,112.83333333333333
4315057,2023,100435.0,50217.5,229,114.5
4315073,2021,22946.0,11473.0,135,67.5
4315073,2022,203537.0,16961.416666666668,732,61.0
4315073,2023,45280.0,22640.0,115,57.5
4315107,2021,185796.0,92898.0,1085,542.5
4315107,2022,1982336.0,165194.66666666666,6997,583.0833333333334
4315107,2023,455247.0,227623.5,1171,585.5
4315131,2021,23165.0,11582.5,128,64.0
4315131,2022,202319.0,16859.916666666668,747,62.25
4315131,2023,47520.0,23760.0,113,56.5
4315149,2021,14900.0,7450.0,66,33.0
4315149,2022,210520.0,17543.333333333332,607,50.583333333333336
4315149,2023,56609.0,28304.5,128,64.0
4315156,2021,78741.0,39370.5,437,218.5
4315156,2022,911435.0,75952.91666666667,2965,247.08333333333334
4315156,2023,236755.0,118377.5,524,262.0
4315172,2021,9507.0,4753.5,39,19.5
4315172,2022,97272.0,8106.0,295,24.583333333333332
4315172,2023,22302.0,11151.0,52,26.0
4315206,2021,32936.0,16468.0,165,82.5
4315206,2022,364936.0,30411.333333333332,1139,94.91666666666667
4315206,2023,84526.0,42263.0,188,94.0
4315305,2021,364451.0,182225.5,1792,896.0
4315305,2022,6121800.0,510150.0,18898,1574.8333333333333
4315305,2023,1475998.0,737999.0,3516,1758.0
4315313,2021,20219.0,10109.5,108,54.0
4315313,2022,212815.0,17734.583333333332,734,61.166666666666664
4315313,2023,47543.0,23771.5,122,61.0
4315321,2021,62924.0,31462.0,350,175.0
4315321,2022,736534.0,61377.833333333336,2478,206.5
4315321,2023,182511.0,91255.5,454,227.0
4315354,2021,12256.0,6128.0,70,35.0
4315354,2022,143037.0,11919.75,475,39.583333333333336
4315354,2023,34472.0,17236.0,90,45.0
4315404,2021,835523.0,417761.5,2524,1262.0
4315404,2022,6089950.0,507495.8333333333,15611,1300.9166666666667
4315404,2023,1129022.0,564511.0,2721,1360.5
4315453,2021,8530.0,4265.0,42,21.0
4315453,2022,120468.0,10039.0,353,29.416666666666668
4315453,2023,34326.0,17163.0,72,36.0
4315503,2021,375264.0,187632.0,1789,894.5
4315503,2022,3812694.0,317724.5,12050,1004.1666666666666
4315503,2023,803710.0,401855.0,2051,1025.5
4315552,2021,93675.0,46837.5,489,244.5
4315552,2022,952911.0,79409.25,3061,255.08333333333334
4315552,2023,215338.0,107669.0,536,268.0
4315602,2021,2387542.0,1193771.0,13435,6717.5
4315602,2022,30405889.0,2533824.0833333335,100351,8362.583333333334
4315602,2023,7603141.0,3801570.5,18682,9341.0
4315701,2021,845509.0,422754.5,4929,2464.5
4315701,2022,12091442.0,1007620.1666666666,38516,3209.6666666666665
4315701,2023,3275404.0,1637702.0,7580,3790.0
4315750,2021,30564.0,15282.0,134,67.0
4315750,2022,629172.0,52431.0,1795,149.58333333333334
4315750,2023,159887.0,79943.5,345,172.5
4315800,2021,88745.0,44372.5,354,177.0
4315800,2022,884679.0,73723.25,2541,211.75
4315800,2023,220093.0,110046.5,510,255.0
4315909,2021,79674.0,39837.0,457,228.5
4315909,2022,992917.0,82743.08333333333,3319,276.5833333333333
4315909,2023,267487.0,133743.5,653,326.5
4315958,2021,44344.0,22172.0,212,106.0
4315958,2022,468205.0,39017.083333333336,1480,123.33333333333333
4315958,2023,102236.0,51118.0,252,126.0
4316006,2021,185807.0,92903.5,901,450.5
4316006,2022,2362243.0,196853.58333333334,7110,592.5
4316006,2023,586163.0,293081.5,1342,671.0
4316105,2021,216457.0,108228.5,1045,522.5
4316105,2022,1982795.0,165232.91666666666,6590,549.1666666666666
4316105,2023,397572.0,198786.0,1103,551.5
4316204,2021,44480.0,22240.0,228,114.0
4316204,2022,613396.0,51116.333333333336,1786,148.83333333333334
4316204,2023,151106.0,75553.0,338,169.0
4316303,2021,109777.0,54888.5,600,300.0
4316303,2022,1114743.0,92895.25,3774,314.5
4316303,2023,262918.0,131459.0,655,327.5
4316402,2021,1306437.0,653218.5,6370,3185.0
4316402,2022,15550187.0,1295848.9166666667,47818,3984.8333333333335
4316402,2023,3676666.0,1838333.0,8728,4364.0
4316428,2021,52336.0,26168.0,295,147.5
4316428,2022,680338.0,56694.833333333336,2206,183.83333333333334
4316428,2023,181200.0,90600.0,424,212.0
4316436,2021,23385.0,11692.5,107,53.5
4316436,2022,231895.0,19324.583333333332,741,61.75
4316436,2023,55640.0,27820.0,130,65.0
4316451,2021,459360.0,229680.0,1993,996.5
4316451,2022,5633659.0,469471.5833333333,16170,1347.5
4316451,2023,1296681.0,648340.5,3082,1541.0
4316477,2021,12676.0,6338.0,66,33.0
4316477,2022,136825.0,11402.083333333334,449,37.416666666666664
4316477,2023,22972.0,11486.0,57,28.5
4316501,2021,17511.0,8755.5,83,41.5
4316501,2022,153706.0,12808.833333333334,457,38.083333333333336
4316501,2023,43006.0,21503.0,94,47.0
4316600,2021,45766.0,22883.0,249,124.5
4316600,2022,476425.0,39702.083333333336,1585,132.08333333333334
4316600,2023,116992.0,58496.0,289,144.5
4316709,2021,152759.0,76379.5,773,386.5
4316709,2022,1576748.0,131395.66666666666,5129,427.4166666666667
4316709,2023,356858.0,178429.0,901,450.5
4316733,2021,12085.0,6042.5,59,29.5
4316733,2022,141686.0,11807.166666666666,433,36.083333333333336
4316733,2023,29692.0,14846.0,75,37.5
4316758,2021,13857.0,6928.5,64,32.0
4316758,2022,132708.0,11059.0,416,34.666666666666664
4316758,2023,28726.0,14363.0,70,35.0
4316808,2021,1185666.0,592833.0,6265,3132.5
4316808,2022,15626259.0,1302188.25,48729,4060.75
4316808,2023,4101566.0,2050783.0,9521,4760.5
4316907,2021,3526640.0,1763320.0,16060,8030.0
4316907,2022,43939431.0,3661619.25,126981,10581.75
4316907,2023,10776407.0,5388203.5,24387,12193.5
4316956,2021,19602.0,9801.0,97,48.5
4316956,2022,253706.0,21142.166666666668,696,58.0
4316956,2023,61152.0,30576.0,120,60.0
4316972,2021,68282.0,34141.0,329,164.5
4316972,2022,815807.0,67983.91666666667,2639,219.91666666666666
4316972,2023,186561.0,93280.5,451,225.5
4317004,2021,244330.0,122165.0,1412,706.0
4317004,2022,2683437.0,223619.75,9233,769.4166666666666
4317004,2023,649250.0,324625.0,1610,805.0
4317103,2021,2275197.0,1137598.5,10235,5117.5
4317103,2022,26192409.0,2182700.75,74422,6201.833333333333
4317103,2023,6338278.0,3169139.0,14091,7045.5
4317202,2021,486042.0,243021.0,2789,1394.5
4317202,2022,5815343.0,484611.9166666667,19857,1654.75
4317202,2023,1369425.0,684712.5,3409,1704.5
4317251,2021,4222.0,2111.0,21,10.5
4317251,2022,66190.0,5515.833333333333,213,17.75
4317251,2023,12514.0,6257.0,33,16.5
4317301,2021,465964.0,232982.0,2381,1190.5
4317301,2022,6649250.0,554104.1666666666,19615,1634.5833333333333
4317301,2023,1632331.0,816165.5,3822,1911.0
4317400,2021,484595.0,242297.5,2948,1474.0
4317400,2022,6243147.0,520262.25,21264,1772.0
4317400,2023,1507339.0,753669.5,3826,1913.0
4317509,2021,1107835.0,553917.5,5975,2987.5
4317509,2022,11717468.0,976455.6666666666,38986,3248.8333333333335
4317509,2023,2643257.0,1321628.5,6836,3418.0
4317558,2021,8036.0,4018.0,37,18.5
4317558,2022,90344.0,7528.666666666667,239,19.916666666666668
4317558,2023,26256.0,13128.0,54,27.0
4317608,2021,794894.0,397447.0,3650,1825.0
4317608,2022,8551803.0,712650.25,25487,2123.9166666666665
4317608,2023,1971061.0,985530.5,4464,2232.0
4317707,2021,404089.0,202044.5,1883,941.5
4317707,2022,4079683.0,339973.5833333333,12995,1082.9166666666667
4317707,2023,922563.0,461281.5,2254,1127.0
4317756,2021,11265.0,5632.5,71,35.5
4317756,2022,159589.0,13299.083333333334,534,44.5
4317756,2023,43314.0,21657.0,101,50.5
4317806,2021,254291.0,127145.5,1276,638.0
4317806,2022,2532179.0,211014.91666666666,8308,692.3333333333334
4317806,2023,561668.0,280834.0,1402,701.0
4317905,2021,98517.0,49258.5,525,262.5
4317905,2022,1023596.0,85299.66666666667,3396,283.0
4317905,2023,259259.0,129629.5,629,314.5
4317954,2021,17135.0,8567.5,95,47.5
4317954,2022,196685.0,16390.416666666668,633,52.75
4317954,2023,42212.0,21106.0,102,51.0
4318002,2021,546946.0,273473.0,3368,1684.0
4318002,2022,6964636.0,580386.3333333334,23768,1980.6666666666667
4318002,2023,1769585.0,884792.5,4444,2222.0
4318051,2021,8591.0,4295.5,44,22.0
4318051,2022,47927.0,3993.9166666666665,165,13.75
4318051,2023,7732.0,3866.0,20,10.0
4318101,2021,386047.0,193023.5,2213,1106.5
4318101,2022,5062957.0,421913.0833333333,16804,1400.3333333333333
4318101,2023,1247782.0,623891.0,3089,1544.5
4318200,2021,359142.0,179571.0,1739,869.5
4318200,2022,3718107.0,309842.25,11810,984.1666666666666
4318200,2023,844279.0,422139.5,2061,1030.5
4318309,2021,972754.0,486377.0,6213,3106.5
4318309,2022,10381040.0,865086.6666666666,37712,3142.6666666666665
4318309,2023,2317750.0,1158875.0,6191,3095.5
4318408,2021,615481.0,307740.5,2698,1349.0
4318408,2022,6210823.0,517568.5833333333,18681,1556.75
4318408,2023,1300426.0,650213.0,3163,1581.5
4318424,2021,34350.0,17175.0,192,96.0
4318424,2022,318586.0,26548.833333333332,1068,89.0
4318424,2023,65120.0,32560.0,154,77.0
4318432,2021,47567.0,23783.5,228,114.0
4318432,2022,452015.0,37667.916666666664,1504,125.33333333333333
4318432,2023,86505.0,43252.5,245,122.5
4318440,2021,12795.0,6397.5,53,26.5
4318440,2022,109565.0,9130.416666666666,306,25.5
4318440,2023,24426.0,12213.0,47,23.5
4318457,2021,100027.0,50013.5,450,225.0
4318457,2022,931366.0,77613.83333333333,2920,243.33333333333334
4318457,2023,203148.0,101574.0,498,249.0
4318465,2021,96446.0,48223.0,371,185.5
4318465,2022,886454.0,73871.16666666667,2580,215.0
4318465,2023,198051.0,99025.5,482,241.0
4318481,2021,8209.0,4104.5,36,18.0
4318481,2022,110118.0,9176.5,321,26.75
4318481,2023,25712.0,12856.0,56,28.0
4318499,2021,5899.0,2949.5,35,17.5
4318499,2022,73086.0,6090.5,259,21.583333333333332
4318499,2023,17454.0,8727.0,45,22.5
4318507,2021,494503.0,247251.5,3054,1527.0
4318507,2022,5873956.0,489496.3333333333,20401,1700.0833333333333
4318507,2023,1341137.0,670568.5,3425,1712.5
4318606,2021,75200.0,37600.0,427,213.5
4318606,2022,912401.0,76033.41666666667,2984,248.66666666666666
4318606,2023,215006.0,107503.0,530,265.0
4318614,2021,7587.0,3793.5,32,16.0
4318614,2022,106397.0,8866.416666666666,285,23.75
4318614,2023,23384.0,11692.0,52,26.0
4318622,2021,117120.0,58560.0,465,232.5
4318622,2022,1047096.0,87258.0,3110,259.1666666666667
4318622,2023,225814.0,112907.0,562,281.0
4318705,2021,3962327.0,1981163.5,16964,8482.0
4318705,2022,46691545.0,3890962.0833333335,132153,11012.75
4318705,2023,11154012.0,5577006.0,25038,12519.0
4318804,2021,581543.0,290771.5,3026,1513.0
4318804,2022,6556399.0,546366.5833333334,20824,1735.3333333333333
4318804,2023,1561208.0,780604.0,3864,1932.0
4318903,2021,389212.0,194606.0,2226,1113.0
4318903,2022,5409879.0,450823.25,18208,1517.3333333333333
4318903,2023,1340402.0,670201.0,3464,1732.0
4319000,2021,130645.0,65322.5,617,308.5
4319000,2022,1440469.0,120039.08333333333,4315,359.5833333333333
4319000,2023,351736.0,175868.0,798,399.0
4319109,2021,35848.0,17924.0,206,103.0
4319109,2022,446822.0,37235.166666666664,1532,127.66666666666667
4319109,2023,99584.0,49792.0,245,122.5
4319125,2021,102974.0,51487.0,534,267.0
4319125,2022,1191797.0,99316.41666666667,3735,311.25
4319125,2023,284024.0,142012.0,671,335.5
4319158,2021,230150.0,115075.0,1206,603.0
4319158,2022,2595965.0,216330.41666666666,8331,694.25
4319158,2023,648013.0,324006.5,1586,793.0
4319208,2021,318262.0,159131.0,1404,702.0
4319208,2022,3385501.0,282125.0833333333,9713,809.4166666666666
4319208,2023,754881.0,377440.5,1693,846.5
4319307,2021,95109.0,47554.5,528,264.0
4319307,2022,970345.0,80862.08333333333,3311,275.9166666666667
4319307,2023,225473.0,112736.5,561,280.5
4319356,2021,5537.0,2768.5,31,15.5
4319356,2022,43241.0,3603.4166666666665,143,11.916666666666666
4319356,2023,9796.0,4898.0,26,13.0
4319364,2021,30834.0,15417.0,172,86.0
4319364,2022,383868.0,31989.0,1312,109.33333333333333
4319364,2023,93984.0,46992.0,234,117.0
4319372,2021,14703.0,7351.5,80,40.0
4319372,2022,186489.0,15540.75,599,49.916666666666664
4319372,2023,41659.0,20829.5,109,54.5
4319406,2021,431904.0,215952.0,1860,930.0
4319406,2022,4844121.0,403676.75,13984,1165.3333333333333
4319406,2023,1127537.0,563768.5,2630,1315.0
4319505,2021,281211.0,140605.5,1307,653.5
4319505,2022,3406413.0,283867.75,10027,835.5833333333334
4319505,2023,760786.0,380393.0,1752,876.0
4319604,2021,334466.0,167233.0,2037,1018.5
4319604,2022,4188895.0,349074.5833333333,14848,1237.3333333333333
4319604,2023,933764.0,466882.0,2471,1235.5
4319703,2021,21813.0,10906.5,136,68.0
4319703,2022,296066.0,24672.166666666668,986,82.16666666666667
4319703,2023,85392.0,42696.0,198,99.0
4319711,2021,3724.0,1862.0,19,9.5
4319711,2022,42483.0,3540.25,126,10.5
4319711,2023,12844.0,6422.0,34,17.0
4319737,2021,136594.0,68297.0,595,297.5
4319737,2022,1234594.0,102882.83333333333,3883,323.5833333333333
4319737,2023,264757.0,132378.5,703,351.5
4319752,2021,1794.0,897.0,8,4.0
4319752,2022,35163.0,2930.25,108,9.0
4319752,2023,9360.0,4680.0,19,9.5
4319802,2021,176290.0,88145.0,830,415.0
4319802,2022,2502991.0,208582.58333333334,7537,628.0833333333334
4319802,2023,605163.0,302581.5,1469,734.5
4319901,2021,996247.0,498123.5,4052,2026.0
4319901,2022,11491235.0,957602.9166666666,30523,2543.5833333333335
4319901,2023,2767073.0,1383536.5,5871,2935.5
4320008,2021,1744303.0,872151.5,8611,4305.5
4320008,2022,26323945.0,2193662.0833333335,71956,5996.333333333333
4320008,2023,7031427.0,3515713.5,14475,7237.5
4320107,2021,278033.0,139016.5,1350,675.0
4320107,2022,3329322.0,277443.5,10704,892.0
4320107,2023,757437.0,378718.5,1874,937.0
4320206,2021,199699.0,99849.5,1165,582.5
4320206,2022,1694800.0,141233.33333333334,6015,501.25
4320206,2023,382398.0,191199.0,1031,515.5
4320230,2021,45548.0,22774.0,250,125.0
4320230,2022,465960.0,38830.0,1593,132.75
4320230,2023,110438.0,55219.0,279,139.5
4320263,2021,130461.0,65230.5,777,388.5
4320263,2022,1606218.0,133851.5,5695,474.5833333333333
4320263,2023,352706.0,176353.0,932,466.0
4320305,2021,43331.0,21665.5,182,91.0
4320305,2022,557733.0,46477.75,1667,138.91666666666666
4320305,2023,130096.0,65048.0,292,146.0
4320321,2021,47600.0,23800.0,245,122.5
4320321,2022,459379.0,38281.583333333336,1531,127.58333333333333
4320321,2023,93207.0,46603.5,234,117.0
4320354,2021,135713.0,67856.5,702,351.0
4320354,2022,1422940.0,118578.33333333333,4579,381.5833333333333
4320354,2023,320813.0,160406.5,772,386.0
4320404,2021,76484.0,38242.0,318,159.0
4320404,2022,742524.0,61877.0,2052,171.0
4320404,2023,174162.0,87081.0,377,188.5
4320453,2021,19677.0,9838.5,100,50.0
4320453,2022,206350.0,17195.833333333332,680,56.666666666666664
4320453,2023,45685.0,22842.5,111,55.5
4320503,2021,82613.0,41306.5,407,203.5
4320503,2022,926753.0,77229.41666666667,2921,243.41666666666666
4320503,2023,212887.0,106443.5,513,256.5
4320552,2021,63728.0,31864.0,374,187.0
4320552,2022,847735.0,70644.58333333333,2767,230.58333333333334
4320552,2023,202837.0,101418.5,476,238.0
4320578,2021,26750.0,13375.0,179,89.5
4320578,2022,313483.0,26123.583333333332,1116,93.0
4320578,2023,81906.0,40953.0,199,99.5
4320602,2021,21540.0,10770.0,116,58.0
4320602,2022,166361.0,13863.416666666666,552,46.0
4320602,2023,33221.0,16610.5,78,39.0
4320651,2021,24832.0,12416.0,126,63.0
4320651,2022,337801.0,28150.083333333332,1094,91.16666666666667
4320651,2023,93064.0,46532.0,225,112.5
4320677,2021,211202.0,105601.0,918,459.0
4320677,2022,2025547.0,168795.58333333334,6072,506.0
4320677,2023,425216.0,212608.0,1030,515.0
4320701,2021,217862.0,108931.0,1084,542.0
4320701,2022,2686426.0,223868.83333333334,8531,710.9166666666666
4320701,2023,588507.0,294253.5,1526,763.0
4320800,2021,632525.0,316262.5,3463,1731.5
4320800,2022,7924193.0,660349.4166666666,25609,2134.0833333333335
4320800,2023,1874126.0,937063.0,4649,2324.5
4320859,2021,66274.0,33137.0,289,144.5
4320859,2022,667169.0,55597.416666666664,2029,169.08333333333334
4320859,2023,146219.0,73109.5,352,176.0
4320909,2021,170606.0,85303.0,812,406.0
4320909,2022,2716534.0,226377.83333333334,7937,661.4166666666666
4320909,2023,695531.0,347765.5,1527,763.5
4321006,2021,54519.0,27259.5,312,156.0
4321006,2022,663227.0,55268.916666666664,2257,188.08333333333334
4321006,2023,144362.0,72181.0,387,193.5
4321105,2021,159182.0,79591.0,965,482.5
4321105,2022,2448221.0,204018.41666666666,8104,675.3333333333334
4321105,2023,624753.0,312376.5,1586,793.0
4321204,2021,479075.0,239537.5,2213,1106.5
4321204,2022,6869452.0,572454.3333333334,19421,1618.4166666666667
4321204,2023,1618223.0,809111.5,3609,1804.5
4321303,2021,498679.0,249339.5,2425,1212.5
4321303,2022,5379119.0,448259.9166666667,16320,1360.0
4321303,2023,1173424.0,586712.0,2811,1405.5
4321329,2021,24727.0,12363.5,130,65.0
4321329,2022,291144.0,24262.0,919,76.58333333333333
4321329,2023,73478.0,36739.0,191,95.5
4321352,2021,154025.0,77012.5,819,409.5
4321352,2022,1646117.0,137176.41666666666,5271,439.25
4321352,2023,388770.0,194385.0,936,468.0
4321402,2021,432848.0,216424.0,1657,828.5
4321402,2022,4381965.0,365163.75,12588,1049.0
4321402,2023,957490.0,478745.0,2398,1199.0
4321436,2021,316978.0,158489.0,1274,637.0
4321436,2022,3022097.0,251841.41666666666,8604,717.0
4321436,2023,667999.0,333999.5,1494,747.0
4321451,2021,103146.0,51573.0,461,230.5
4321451,2022,1573009.0,131084.08333333334,4642,386.8333333333333
4321451,2023,414168.0,207084.0,915,457.5
4321469,2021,15728.0,7864.0,90,45.0
4321469,2022,184503.0,15375.25,609,50.75
4321469,2023,47845.0,23922.5,112,56.0
4321477,2021,44840.0,22420.0,272,136.0
4321477,2022,477917.0,39826.416666666664,1706,142.16666666666666
4321477,2023,112208.0,56104.0,292,146.0
4321493,2021,37984.0,18992.0,226,113.0
4321493,2022,425736.0,35478.0,1435,119.58333333333333
4321493,2023,102867.0,51433.5,257,128.5
4321501,2021,445448.0,222724.0,2209,1104.5
4321501,2022,6617707.0,551475.5833333334,18675,1556.25
4321501,2023,1789031.0,894515.5,3762,1881.0
4321600,2021,749127.0,374563.5,3673,1836.5
4321600,2022,9444677.0,787056.4166666666,28617,2384.75
4321600,2023,2328295.0,1164147.5,5586,2793.0
4321626,2021,4047.0,2023.5,25,12.5
4321626,2022,43583.0,3631.9166666666665,154,12.833333333333334
4321626,2023,10894.0,5447.0,27,13.5
4321634,2021,953.0,476.5,8,4.0
4321634,2022,19990.0,1665.8333333333333,70,5.833333333333333
4321634,2023,6400.0,3200.0,16,8.0
4321667,2021,98595.0,49297.5,476,238.0
4321667,2022,934418.0,77868.16666666667,2917,243.08333333333334
4321667,2023,213570.0,106785.0,506,253.0
4321709,2021,185098.0,92549.0,753,376.5
4321709,2022,2074771.0,172897.58333333334,5679,473.25
4321709,2023,465673.0,232836.5,984,492.0
4321808,2021,310525.0,155262.5,1584,792.0
4321808,2022,3630441.0,302536.75,11216,934.6666666666666
4321808,2023,799132.0,399566.0,1933,966.5
4321832,2021,51813.0,25906.5,241,120.5
4321832,2022,638429.0,53202.416666666664,1797,149.75
4321832,2023,160143.0,80071.5,343,171.5
4321857,2021,93089.0,46544.5,477,238.5
4321857,2022,1101624.0,91802.0,3523,293.5833333333333
4321857,2023,266407.0,133203.5,700,350.0
4321907,2021,322450.0,161225.0,1448,724.0
4321907,2022,3321849.0,276820.75,10853,904.4166666666666
4321907,2023,908188.0,454094.0,2120,1060.0
4321956,2021,112725.0,56362.5,564,282.0
4321956,2022,1143765.0,95313.75,3869,322.4166666666667
4321956,2023,254378.0,127189.0,637,318.5
4322004,2021,559439.0,279719.5,2403,1201.5
4322004,2022,7106510.0,592209.1666666666,19885,1657.0833333333333
4322004,2023,1714019.0,857009.5,3863,1931.5
4322103,2021,48677.0,24338.5,267,133.5
4322103,2022,655589.0,54632.416666666664,2052,171.0
4322103,2023,149712.0,74856.0,369,184.5
4322152,2021,139110.0,69555.0,747,373.5
4322152,2022,1516830.0,126402.5,4928,410.6666666666667
4322152,2023,321424.0,160712.0,760,380.0
4322186,2021,20022.0,10011.0,103,51.5
4322186,2022,192784.0,16065.333333333334,697,58.083333333333336
4322186,2023,41348.0,20674.0,114,57.0
4322202,2021,656546.0,328273.0,3292,1646.0
4322202,2022,6686670.0,557222.5,21470,1789.1666666666667
4322202,2023,1601963.0,800981.5,3875,1937.5
4322251,2021,15168.0,7584.0,63,31.5
4322251,2022,169820.0,14151.666666666666,481,40.083333333333336
4322251,2023,45305.0,22652.5,99,49.5
4322301,2021,71618.0,35809.0,359,179.5
4322301,2022,755392.0,62949.333333333336,2378,198.16666666666666
4322301,2023,166599.0,83299.5,388,194.0
4322327,2021,57765.0,28882.5,295,147.5
4322327,2022,666896.0,55574.666666666664,2235,186.25
4322327,2023,143429.0,71714.5,386,193.0
4322343,2021,10215.0,5107.5,63,31.5
4322343,2022,176276.0,14689.666666666666,532,44.333333333333336
4322343,2023,48844.0,24422.0,107,53.5
4322350,2021,3498.0,1749.0,22,11.0
4322350,2022,45509.0,3792.4166666666665,144,12.0
4322350,2023,14800.0,7400.0,32,16.0
4322376,2021,71257.0,35628.5,429,214.5
4322376,2022,794449.0,66204.08333333333,2739,228.25
4322376,2023,196906.0,98453.0,480,240.0
4322400,2021,3156695.0,1578347.5,13762,6881.0
4322400,2022,33375439.0,2781286.5833333335,98314,8192.833333333334
4322400,2023,7514729.0,3757364.5,17822,8911.0
4322509,2021,986075.0,493037.5,4494,2247.0
4322509,2022,11191642.0,932636.8333333334,32552,2712.6666666666665
4322509,2023,2869000.0,1434500.0,6540,3270.0
4322525,2021,65403.0,32701.5,315,157.5
4322525,2022,653011.0,54417.583333333336,2036,169.66666666666666
4322525,2023,153878.0,76939.0,354,177.0
4322533,2021,69160.0,34580.0,436,218.0
4322533,2022,1032221.0,86018.41666666667,3456,288.0
4322533,2023,298844.0,149422.0,727,363.5
4322541,2021,16104.0,8052.0,72,36.0
4322541,2022,106661.0,8888.416666666666,361,30.083333333333332
4322541,2023,25562.0,12781.0,58,29.0
4322558,2021,11117.0,5558.5,50,25.0
4322558,2022,117461.0,9788.416666666666,364,30.333333333333332
4322558,2023,26710.0,13355.0,67,33.5
4322608,2021,733098.0,366549.0,3865,1932.5
4322608,2022,9294939.0,774578.25,28113,2342.75
4322608,2023,2437055.0,1218527.5,5384,2692.0
4322707,2021,261401.0,130700.5,1434,717.0
4322707,2022,3677974.0,306497.8333333333,12159,1013.25
4322707,2023,894396.0,447198.0,2255,1127.5
4322806,2021,131814.0,65907.0,627,313.5
4322806,2022,1157345.0,96445.41666666667,3569,297.4166666666667
4322806,2023,245948.0,122974.0,580,290.0
4322855,2021,2665.0,1332.5,13,6.5
4322855,2022,26668.0,2222.3333333333335,86,7.166666666666667
4322855,2023,6080.0,3040.0,16,8.0
4322905,2021,29302.0,14651.0,169,84.5
4322905,2022,359453.0,29954.416666666668,1210,100.83333333333333
4322905,2023,91303.0,45651.5,229,114.5
4323002,2021,5119931.0,2559965.5,21420,10710.0
4323002,2022,61147558.0,5095629.833333333,163014,13584.5
4323002,2023,15060141.0,7530070.5,31336,15668.0
4323101,2021,202169.0,101084.5,839,419.5
4323101,2022,2372866.0,197738.83333333334,6583,548.5833333333334
4323101,2023,563270.0,281635.0,1238,619.0
4323200,2021,12721.0,6360.5,60,30.0
4323200,2022,144508.0,12042.333333333334,448,37.333333333333336
4323200,2023,38646.0,19323.0,88,44.0
4323309,2021,5874.0,2937.0,31,15.5
4323309,2022,73005.0,6083.75,227,18.916666666666668
4323309,2023,23434.0,11717.0,50,25.0
4323358,2021,8154.0,4077.0,34,17.0
4323358,2022,73474.0,6122.833333333333,214,17.833333333333332
4323358,2023,15596.0,7798.0,37,18.5
4323408,2021,16329.0,8164.5,84,42.0
4323408,2022,211765.0,17647.083333333332,625,52.083333333333336
4323408,2023,58547.0,29273.5,136,68.0
4323457,2021,172542.0,86271.0,859,429.5
4323457,2022,2154941.0,179578.41666666666,6508,542.3333333333334
4323457,2023,536213.0,268106.5,1234,617.0
4323507,2021,31636.0,15818.0,162,81.0
4323507,2022,289417.0,24118.083333333332,1000,83.33333333333333
4323507,2023,70594.0,35297.0,176,88.0
4323606,2021,4609.0,2304.5,21,10.5
4323606,2022,55732.0,4644.333333333333,173,14.416666666666666
4323606,2023,12894.0,6447.0,32,16.0
4323705,2021,55790.0,27895.0,272,136.0
4323705,2022,558493.0,46541.083333333336,1778,148.16666666666666
4323705,2023,111389.0,55694.5,293,146.5
4323754,2021,73513.0,36756.5,425,212.5
4323754,2022,722822.0,60235.166666666664,2572,214.33333333333334
4323754,2023,165192.0,82596.0,409,204.5
4323770,2021,3079.0,1539.5,17,8.5
4323770,2022,50683.0,4223.583333333333,171,14.25
4323770,2023,13012.0,6506.0,34,17.0
4323804,2021,230370.0,115185.0,900,450.0
4323804,2022,2998264.0,249855.33333333334,7972,664.3333333333334
4323804,2023,688337.0,344168.5,1515,757.5
