Dependente;Independente;Modelo;Grupo;R2 medio;Desvio R2;MSE medio;Desvio MSE;Tempo
Total de beneficiários;Idese;Regressão linear;0;-0.06361090855206324;0.061625690749422354;0.016915559482614206;0.0035165570565134805;0.00949
Total de beneficiários;Idese;XGBoost;0;-1.0452245950698853;0.3732336454979815;0.03233678676187992;0.0072612052558252115;0.00949
Total de beneficiários;Idese;MLP;0;-0.11814408302307129;0.1507428696608282;0.017681720107793807;0.0036797597031617037;0.00949
Total de beneficiários;Idese;Regressão linear;1;0.057545697726332466;0.0023450547522513364;0.0012488142891880303;7.638378134872471e-05;0.00943
Total de beneficiários;Idese;XGBoost;1;0.03019270896911621;0.006251870032223289;0.0012852577725425362;8.253320128070912e-05;0.00943
Total de beneficiários;Idese;MLP;1;0.05279998779296875;0.00915022341708854;0.001254927576519549;7.446041777854646e-05;0.00943
Total de beneficiários;Blocos individuais;Regressão linear;0;0.1883776814479206;0.03680883498364421;0.01183522970298154;0.0010907362824061201;0.01125
Total de beneficiários;Blocos individuais;XGBoost;0;0.07611606121063233;0.1040304380987398;0.013434037752449512;0.0014895851896681441;0.01125
Total de beneficiários;Blocos individuais;MLP;0;0.18484363555908204;0.023789671942014173;0.011897588893771172;0.0011291181671095043;0.01125
Total de beneficiários;Blocos individuais;Regressão linear;1;0.11059324906894166;0.010141416132405032;0.0020916370097320163;0.0001814903313342896;0.01075
Total de beneficiários;Blocos individuais;XGBoost;1;-0.1742316246032715;0.07751437698433854;0.0027605346869677303;0.00027707878282441656;0.01075
Total de beneficiários;Blocos individuais;MLP;1;0.1245408296585083;0.014334668339912994;0.0020577416056767107;0.00016758030741326348;0.01075
Total de beneficiários;Blocos individuais;Regressão linear;2;0.15450582325915047;0.028976614646783555;0.0026838641515180483;0.00034997135611517763;0.01234
Total de beneficiários;Blocos individuais;XGBoost;2;0.1429290294647217;0.0998736295506995;0.0026856718584895136;0.00016236612707803256;0.01234
Total de beneficiários;Blocos individuais;MLP;2;0.27722017765045165;0.059486045141316286;0.0022907094098627567;0.0003149567043541814;0.01234
Total de beneficiários;Bloco educação individual;Regressão linear;0;0.0006624600470427566;0.05967807213057599;0.019785228127213526;0.0035901351779480746;0.00885
Total de beneficiários;Bloco educação individual;XGBoost;0;-0.6645825386047364;0.09933927449834758;0.03281067572534084;0.005111804142590273;0.00885
Total de beneficiários;Bloco educação individual;MLP;0;-0.05483565330505371;0.09339675380579451;0.020711074024438857;0.0029988397781985135;0.00885
Total de beneficiários;Bloco educação individual;Regressão linear;1;0.019845143229954586;0.002970981147263656;0.0011725754698791665;0.00013694694602407577;0.01054
Total de beneficiários;Bloco educação individual;XGBoost;1;-0.03132328987121582;0.0132630402421597;0.0012340412242338062;0.00014797306308187688;0.01054
Total de beneficiários;Bloco educação individual;MLP;1;-0.003898954391479492;0.0023480747109854263;0.0012005962897092104;0.00013688498582105252;0.01054
Total de beneficiários;Bloco educação individual;Regressão linear;2;0.0014754784909035256;0.0028595463552885964;0.0011147737532965559;7.768403419070015e-05;0.01004
Total de beneficiários;Bloco educação individual;XGBoost;2;-0.08085963726043702;0.03440434135402869;0.0012054950464516878;7.436440001435809e-05;0.01004
Total de beneficiários;Bloco educação individual;MLP;2;-0.005501985549926758;0.0028586965808398324;0.00112277758307755;8.115306911605502e-05;0.01004
Total de beneficiários;Bloco educaçaõ resumido;Regressão linear;0;0.4305102198414604;0.058937953228412686;0.009880685732987709;0.002888598306447685;0.01212
Total de beneficiários;Bloco educaçaõ resumido;XGBoost;0;0.6109551787376404;0.028193296273943368;0.006808660598471761;0.002020782800668971;0.01212
Total de beneficiários;Bloco educaçaõ resumido;MLP;0;0.5694895625114441;0.08486650813341622;0.0075958679430186745;0.0026860252091990204;0.01212
Total de beneficiários;Bloco educaçaõ resumido;Regressão linear;1;0.2861303063309813;0.037588173968816974;0.0027541469071079494;0.0003830547421122843;0.01236
Total de beneficiários;Bloco educaçaõ resumido;XGBoost;1;0.526496970653534;0.07107929069637875;0.0018032858381047845;0.0002026022900988862;0.01236
Total de beneficiários;Bloco educaçaõ resumido;MLP;1;0.48110649585723875;0.11623953212502562;0.001962524582631886;0.0002906766222323575;0.01236
Total de beneficiários;Bloco educaçaõ resumido;Regressão linear;2;0.24716846640684853;0.07078159430711017;0.002113273144795193;0.0005029425686465854;0.01053
Total de beneficiários;Bloco educaçaõ resumido;XGBoost;2;0.5628779888153076;0.2469673217394944;0.0013428197125904262;0.0011430185358233763;0.01053
Total de beneficiários;Bloco educaçaõ resumido;MLP;2;0.4767026424407959;0.1689176798915698;0.001394306612201035;0.00030540507699263543;0.01053
Total de beneficiários;Bloco educação completo;Regressão linear;0;0.42494975098962556;0.05727140188202663;0.009489692106651794;0.0016025235822446989;0.01140
Total de beneficiários;Bloco educação completo;XGBoost;0;0.7011325240135193;0.054435279105442734;0.005094596603885293;0.00170200892239674;0.01140
Total de beneficiários;Bloco educação completo;MLP;0;0.5694217205047607;0.05230478413448348;0.007081698812544346;0.0011865070408544484;0.01140
Total de beneficiários;Bloco educação completo;Regressão linear;1;0.2677310422714381;0.021222090544889913;0.0024775044047844405;0.00046385218079971255;0.01180
Total de beneficiários;Bloco educação completo;XGBoost;1;0.6538634419441223;0.03109159370462696;0.0011702544055879117;0.00023055356860450103;0.01180
Total de beneficiários;Bloco educação completo;MLP;1;0.4643126606941223;0.06268054506998641;0.001781404623761773;0.00019247921719658338;0.01180
Total de beneficiários;Bloco educação completo;Regressão linear;2;0.27352871449539934;0.06465913210754316;0.002174505055386663;0.00034883277401063714;0.01049
Total de beneficiários;Bloco educação completo;XGBoost;2;0.736909556388855;0.05262889580132667;0.0008069465809967368;0.00024141772354152117;0.01049
Total de beneficiários;Bloco educação completo;MLP;2;0.5906183004379273;0.07622417205821623;0.0012027640827000142;0.00017022461150392808;0.01049
Total de beneficiários;Bloco renda individual;Regressão linear;0;-0.036231090827609516;0.02692459255081245;0.018105133131666992;0.005860409811000753;0.01035
Total de beneficiários;Bloco renda individual;XGBoost;0;-1.1380538463592529;0.5076344445494876;0.03607184775173664;0.011164941414834421;0.01035
Total de beneficiários;Bloco renda individual;MLP;0;-0.031212973594665527;0.026320527296046368;0.01800353527069092;0.005781522702616343;0.01035
Total de beneficiários;Bloco renda individual;Regressão linear;1;-0.0017194445107844513;0.002586794744870639;0.001176812239994198;0.00011030210212115504;0.01040
Total de beneficiários;Bloco renda individual;XGBoost;1;-0.09247443675994874;0.015116192355153941;0.0012818208895623683;0.00010353182214125579;0.01040
Total de beneficiários;Bloco renda individual;MLP;1;-0.00047705173492431643;0.0009135771086309163;0.0011752208694815636;0.00010851217448665694;0.01040
Total de beneficiários;Bloco renda individual;Regressão linear;2;0.0036005186864323637;0.007641678744184614;0.001188000653360514;0.00014018796806826707;0.01037
Total de beneficiários;Bloco renda individual;XGBoost;2;-0.05182869434356689;0.035257751632187855;0.0012503797886893153;0.0001222119371087828;0.01037
Total de beneficiários;Bloco renda individual;MLP;2;-0.01027851104736328;0.013193191067225456;0.0012032857164740562;0.00013198665139182785;0.01037
Total de beneficiários;Bloco renda completo;Regressão linear;0;0.08011585416794235;0.020950929414412692;0.00982930083633198;0.001323050314805016;0.00965
Total de beneficiários;Bloco renda completo;XGBoost;0;0.16093384027481078;0.07412877759681293;0.008875357173383235;0.0006988778168478484;0.00965
Total de beneficiários;Bloco renda completo;MLP;0;0.3552624464035034;0.0754272914059728;0.006791576463729143;0.00039409603655556904;0.00965
Total de beneficiários;Bloco renda completo;Regressão linear;1;0.009175576751807935;0.004175280254334672;0.0015685057287568166;7.143510872032348e-05;0.01064
Total de beneficiários;Bloco renda completo;XGBoost;1;-0.34086754322052004;0.12797900067849066;0.0021136292722076177;0.00010782243508765771;0.01064
Total de beneficiários;Bloco renda completo;MLP;1;0.04472606182098389;0.012134657403167992;0.0015119375428184866;6.488406163538726e-05;0.01064
Total de beneficiários;Bloco saúde individual;Regressão linear;0;-0.011105069665991119;0.00844474254415212;0.017680057162304204;0.002108153627071694;0.01202
Total de beneficiários;Bloco saúde individual;XGBoost;0;-0.9659929037094116;0.314579621792253;0.03430448919534683;0.006684548405191817;0.01202
Total de beneficiários;Bloco saúde individual;MLP;0;-0.04119794368743897;0.07499005312203523;0.018140431120991708;0.0019237292083308054;0.01202
Total de beneficiários;Bloco saúde individual;Regressão linear;1;0.2076163991842483;0.006477923689168843;0.0010194759669697514;2.273483392714435e-05;0.01096
Total de beneficiários;Bloco saúde individual;XGBoost;1;0.19044965505599976;0.024313578227630254;0.0010411770781502128;2.4983207973532104e-05;0.01096
Total de beneficiários;Bloco saúde individual;MLP;1;-0.006250452995300293;0.009531214893494726;0.0012944949558004737;2.2554792795540653e-05;0.01096
Total de beneficiários;Bloco saaúde resumido;Regressão linear;0;0.028115788451113753;0.010611543941511908;0.0024999812601749056;0.00030859347899161435;0.01109
Total de beneficiários;Bloco saaúde resumido;XGBoost;0;-0.15979971885681152;0.05422133685439792;0.0029714683536440135;0.0002748225517576937;0.01109
Total de beneficiários;Bloco saaúde resumido;MLP;0;-0.0036507368087768553;0.002530635484751628;0.0025815753266215324;0.00031396629903159554;0.01109
Total de beneficiários;Bloco saaúde resumido;Regressão linear;1;0.05105739761579449;0.0068325621095454;0.0008120041564086562;0.0003066728213624938;0.01035
Total de beneficiários;Bloco saaúde resumido;XGBoost;1;-0.1339091181755066;0.18804095057790474;0.0009377759182825684;0.0002977861903346721;0.01035
Total de beneficiários;Bloco saaúde resumido;MLP;1;-0.008291840553283691;0.005002639407819627;0.000863935356028378;0.0003288250580849594;0.01035
Total de beneficiários;Bloco saaúde resumido;Regressão linear;2;0.0563584745377808;0.05222129728877224;0.022862742532482168;0.0029079786388055934;0.00959
Total de beneficiários;Bloco saaúde resumido;XGBoost;2;0.1337411642074585;0.12820038944269696;0.020740043371915817;0.0020380169950253574;0.00959
Total de beneficiários;Bloco saaúde resumido;MLP;2;-0.003071093559265137;0.0049856406474182895;0.02427535206079483;0.0026087467642947424;0.00959
Total de beneficiários;Bloco saúde completo;Regressão linear;0;0.24230333602777784;0.0602383227502262;0.011353723671079148;0.0016913070576879644;0.01482
Total de beneficiários;Bloco saúde completo;XGBoost;0;0.4249913334846497;0.09912660501905318;0.00850128997117281;0.000995649119958921;0.01482
Total de beneficiários;Bloco saúde completo;MLP;0;0.34178345203399657;0.09350226467844801;0.009721281565725803;0.0007341038176855289;0.01482
Total de beneficiários;Bloco saúde completo;Regressão linear;1;0.09236978353306566;0.01428541965825855;0.0012045734228823073;0.0002452964641720594;0.01275
Total de beneficiários;Bloco saúde completo;XGBoost;1;0.1547725558280945;0.08119019936651692;0.0011085931095294655;0.00017672165549922097;0.01275
Total de beneficiários;Bloco saúde completo;MLP;1;0.09337339401245118;0.02111276681380101;0.0012016179971396923;0.00023459450270507366;0.01275
Total de beneficiários;Bloco saúde completo;Regressão linear;2;0.09224179681251225;0.03303577020283319;0.008214444403707518;0.0023935452293797864;0.01236
Total de beneficiários;Bloco saúde completo;XGBoost;2;0.12393966913223267;0.028358194345217382;0.007832945603877307;0.0017933022187059755;0.01236
Total de beneficiários;Bloco saúde completo;MLP;2;0.14514294862747193;0.05112601709652343;0.007757829129695892;0.0024097996128741046;0.01236
Total de beneficiários;Todos atributos independentes;Regressão linear;0;0.27568491673247786;0.17335216403235587;0.007892421371898013;0.0019148983273622223;0.01474
Total de beneficiários;Todos atributos independentes;XGBoost;0;0.7728109121322632;0.07228042421540418;0.002438021101988852;0.0006774258817253785;0.01474
Total de beneficiários;Todos atributos independentes;MLP;0;-0.005409693717956543;0.006360825052473964;0.01164679517969489;0.0042045192136467525;0.01474
Total de beneficiários;Todos atributos independentes;Regressão linear;1;0.3210358907886576;0.032597800870246905;0.0017269452722138568;0.0003848267565818304;0.01815
Total de beneficiários;Todos atributos independentes;XGBoost;1;0.7388001918792725;0.06278589269516821;0.0006493516324553638;0.00014847594778585296;0.01815
Total de beneficiários;Todos atributos independentes;MLP;1;-0.007825088500976563;0.00656822498873302;0.00256395589094609;0.0005453503940962395;0.01815
Total de beneficiários;Todos atributos independentes;Regressão linear;2;0.42419002983564197;0.039874021636931545;0.005221251556492438;0.00041136799540451033;0.01649
Total de beneficiários;Todos atributos independentes;XGBoost;2;0.8083402037620544;0.04533346463990274;0.0017095322953537106;0.0002406622081842246;0.01649
Total de beneficiários;Todos atributos independentes;MLP;2;-0.0027817249298095702;0.0026323677085094066;0.009174635261297226;0.0012656868970518534;0.01649
Valor total repassado;Idese;Regressão linear;0;-0.038155673492232034;0.03963359580805958;0.02789528853109296;0.006364021741565025;0.01152
Valor total repassado;Idese;XGBoost;0;-0.8555195808410645;0.3959146699274224;0.04819456189870834;0.008731468808118679;0.01152
Valor total repassado;Idese;MLP;0;-0.12383599281311035;0.14759903766405882;0.030184606835246087;0.007580604512772788;0.01152
Valor total repassado;Idese;Regressão linear;1;0.03351099140522973;0.012974721175420584;0.001303891203089656;8.988368238187477e-05;0.01112
Valor total repassado;Idese;XGBoost;1;0.0010299086570739746;0.01640896156938616;0.0013475349638611077;9.131003345412205e-05;0.01112
Valor total repassado;Idese;MLP;1;-0.0035885095596313475;0.002940083001496604;0.0013552227290347218;0.00010870201724771219;0.01112
Valor total repassado;Blocos individuais;Regressão linear;0;0.17759602424874252;0.04333157612368678;0.011836657931230633;0.002042202241193378;0.01328
Valor total repassado;Blocos individuais;XGBoost;0;0.1051737904548645;0.1049080798802568;0.012776616401970387;0.0018906858622416143;0.01328
Valor total repassado;Blocos individuais;MLP;0;0.21213438510894775;0.05245409100364155;0.011316833645105362;0.0018729565115631333;0.01328
Valor total repassado;Blocos individuais;Regressão linear;1;0.11357934991228365;0.018280618869076563;0.002278503130500385;0.0006030553528186181;0.01225
Valor total repassado;Blocos individuais;XGBoost;1;-0.1542919635772705;0.19108382942835375;0.002948041493073106;0.0009149101583386708;0.01225
Valor total repassado;Blocos individuais;MLP;1;0.12128504514694213;0.034329286297273685;0.002257372229360044;0.0006027399948702867;0.01225
Valor total repassado;Blocos individuais;Regressão linear;2;0.09939716123150225;0.016642894998911997;0.0025712065465611214;0.000868142882729871;0.00987
Valor total repassado;Blocos individuais;XGBoost;2;-0.13598158359527587;0.14283328409711277;0.0033075681421905756;0.0012530010117172707;0.00987
Valor total repassado;Blocos individuais;MLP;2;0.10379573106765747;0.08045026247733712;0.0025183561723679305;0.0007749645117967539;0.00987
Valor total repassado;Bloco educação individual;Regressão linear;0;-0.012283794298975925;0.01614650007910867;0.028157065215174325;0.004302700943671529;0.00907
Valor total repassado;Bloco educação individual;XGBoost;0;-1.4317994832992553;0.5088033491805382;0.06680044904351234;0.014037614070507203;0.00907
Valor total repassado;Bloco educação individual;MLP;0;-0.05482909679412842;0.0656008205940191;0.02923246882855892;0.004017021232985931;0.00907
Valor total repassado;Bloco educação individual;Regressão linear;1;0.017006589471973577;0.005049606771711091;0.0011791424068213318;0.00013212286917947623;0.01135
Valor total repassado;Bloco educação individual;XGBoost;1;-0.04734058380126953;0.015933851984088622;0.0012561921495944262;0.0001398555275444225;0.01135
Valor total repassado;Bloco educação individual;MLP;1;-0.014473330974578858;0.02916870625414998;0.0012181782862171532;0.00014930242347547203;0.01135
Valor total repassado;Bloco educação individual;Regressão linear;2;0.005680087090987862;0.005871526788184359;0.0010543301209238825;6.922638721373486e-05;0.01170
Valor total repassado;Bloco educação individual;XGBoost;2;-0.10781352519989014;0.02727317755406065;0.001173711963929236;6.627032557871213e-05;0.01170
Valor total repassado;Bloco educação individual;MLP;2;-0.03150551319122315;0.02348303464756563;0.0010945016285404563;8.503415922820347e-05;0.01170
Valor total repassado;Bloco educaçaõ resumido;Regressão linear;0;0.3171175936478534;0.14091189471113735;0.008703933363203197;0.0030016476717372484;0.00935
Valor total repassado;Bloco educaçaõ resumido;XGBoost;0;0.5878405451774598;0.07891725895638368;0.005554353073239327;0.0026282712243573007;0.00935
Valor total repassado;Bloco educaçaõ resumido;MLP;0;0.508622682094574;0.09398722795219142;0.006271036202087998;0.0019806363621567564;0.00935
Valor total repassado;Bloco educaçaõ resumido;Regressão linear;1;0.24139131581590542;0.029705612992182943;0.0035893286388890312;0.00029414033864439863;0.01065
Valor total repassado;Bloco educaçaõ resumido;XGBoost;1;0.4736379265785217;0.07208712117870977;0.0024638130329549313;0.00014251461869293916;0.01065
Valor total repassado;Bloco educaçaõ resumido;MLP;1;0.41919708251953125;0.05580575780014669;0.00273257396183908;0.00017148642053003743;0.01065
Valor total repassado;Bloco educaçaõ resumido;Regressão linear;2;0.26947244637872203;0.05212749479098501;0.0025426886897922255;0.0008588621835657461;0.01168
Valor total repassado;Bloco educaçaõ resumido;XGBoost;2;0.6041735410690308;0.14585358159027084;0.0012271675746887921;0.00028253749226422355;0.01168
Valor total repassado;Bloco educaçaõ resumido;MLP;2;0.6274286031723022;0.11341455001142225;0.001229870249517262;0.0004469540505346851;0.01168
Valor total repassado;Bloco educação completo;Regressão linear;0;0.3650882274347165;0.04282020764641094;0.008995980989639451;0.001774631468133358;0.01072
Valor total repassado;Bloco educação completo;XGBoost;0;0.7313751220703125;0.07886634960501951;0.0038557468447834252;0.0013917310967880687;0.01072
Valor total repassado;Bloco educação completo;MLP;0;0.5581706047058106;0.09640240944506247;0.006159196887165308;0.0013488059245356924;0.01072
Valor total repassado;Bloco educação completo;Regressão linear;1;0.2373792389344076;0.038802520052403984;0.0032378501420675778;0.0002548083284927706;0.01644
Valor total repassado;Bloco educação completo;XGBoost;1;0.5181179165840148;0.10270304139122653;0.0020057632820680736;0.00013291106009500508;0.01644
Valor total repassado;Bloco educação completo;MLP;1;0.4075744867324829;0.12426299106880682;0.002494278037920594;0.00045943384473545984;0.01644
Valor total repassado;Bloco educação completo;Regressão linear;2;0.28585856686641326;0.03969151607995712;0.002443756955401825;0.0005654840260210281;0.01223
Valor total repassado;Bloco educação completo;XGBoost;2;0.6676760911941528;0.07130102738225978;0.001107574685011059;0.00021028490992155378;0.01223
Valor total repassado;Bloco educação completo;MLP;2;0.6321033716201783;0.06453059039051501;0.0012231162516400218;0.0001783428489296439;0.01223
Valor total repassado;Bloco renda individual;Regressão linear;0;0.04375604204587182;0.04344412957004726;0.02686119273828418;0.003796972347780263;0.01026
Valor total repassado;Bloco renda individual;XGBoost;0;-0.5857736468315125;0.44269581313862555;0.042821063101291655;0.005787439390078392;0.01026
Valor total repassado;Bloco renda individual;MLP;0;-0.006966233253479004;0.006913379314655569;0.02835332453250885;0.0042354055947511115;0.01026
Valor total repassado;Bloco renda individual;Regressão linear;1;-0.0015050080567289292;0.0022918548094579944;0.001068466198110194;9.803516489662841e-05;0.00973
Valor total repassado;Bloco renda individual;XGBoost;1;-0.05619211196899414;0.030837965585155863;0.001124122366309166;7.557936547347497e-05;0.00973
Valor total repassado;Bloco renda individual;MLP;1;-0.00413200855255127;0.002111452826456025;0.0010713739204220474;9.941798853961024e-05;0.00973
Valor total repassado;Bloco renda individual;Regressão linear;2;0.012236062073851106;0.005461738628501893;0.0008614427400636899;2.326199386636036e-05;0.00933
Valor total repassado;Bloco renda individual;XGBoost;2;-0.05041017532348633;0.028028743110692454;0.0009165863855741918;4.635266252604845e-05;0.00933
Valor total repassado;Bloco renda individual;MLP;2;0.005555367469787598;0.01403023133154187;0.0008671033196151256;1.9573688101126605e-05;0.00933
Valor total repassado;Bloco renda completo;Regressão linear;0;-0.043172574602401446;0.08304855720896213;0.02814301542948725;0.004322652734847908;0.01079
Valor total repassado;Bloco renda completo;XGBoost;0;0.2843249082565308;0.09186897031451229;0.019611608795821668;0.00516502810791142;0.01079
Valor total repassado;Bloco renda completo;MLP;0;0.19323641061782837;0.11398814962443557;0.021628322824835778;0.0033885651923429407;0.01079
Valor total repassado;Bloco renda completo;Regressão linear;1;0.009195972510549733;0.001928069204414265;0.0014850878997213096;0.0001486486357902708;0.01148
Valor total repassado;Bloco renda completo;XGBoost;1;-0.21669766902923585;0.09690746516314604;0.0018166593508794904;0.00015975972917508656;0.01148
Valor total repassado;Bloco renda completo;MLP;1;0.010754120349884034;0.037922005193759156;0.0014799769269302487;0.0001253131016147122;0.01148
Valor total repassado;Bloco saúde individual;Regressão linear;0;-0.024291885925667465;0.014247986731125937;0.028285818459362528;0.006985312160057438;0.00903
Valor total repassado;Bloco saúde individual;XGBoost;0;-0.8894570112228394;0.35051757718819626;0.05289393812417984;0.01922666737947628;0.00903
Valor total repassado;Bloco saúde individual;MLP;0;-0.021210074424743652;0.015098513756447654;0.028195225819945335;0.0069600042828280315;0.00903
Valor total repassado;Bloco saúde individual;Regressão linear;1;0.16328869182417427;0.01891796421927163;0.0010508255060407163;8.349891958122216e-05;0.00972
Valor total repassado;Bloco saúde individual;XGBoost;1;0.14642397165298462;0.02256118617249976;0.0010719507467001677;8.569385079331924e-05;0.00972
Valor total repassado;Bloco saúde individual;MLP;1;0.15328354835510255;0.02604055650704818;0.0010614188038744032;6.180560396534138e-05;0.00972
Valor total repassado;Bloco saaúde resumido;Regressão linear;0;0.04033933428419696;0.015589086099894456;0.02518488676685073;0.007198520998531711;0.01075
Valor total repassado;Bloco saaúde resumido;XGBoost;0;-0.036415135860443114;0.21770633000543516;0.026101114228367805;0.00512981316743518;0.01075
Valor total repassado;Bloco saaúde resumido;MLP;0;0.05669357776641846;0.02856739721414384;0.02476148121058941;0.0070783294186394525;0.01075
Valor total repassado;Bloco saaúde resumido;Regressão linear;1;0.04176589821297962;0.010907573730820123;0.0007822604445057266;0.0003264403237548739;0.01019
Valor total repassado;Bloco saaúde resumido;XGBoost;1;-0.3358506202697754;0.6327738704066641;0.0009372283646371215;0.0002739990225719005;0.01019
Valor total repassado;Bloco saaúde resumido;MLP;1;0.03916728496551514;0.018826273065023134;0.0007821919454727322;0.00032448093726804273;0.01019
Valor total repassado;Bloco saaúde resumido;Regressão linear;2;0.01937881819660392;0.005704713733388251;0.002512234532599881;0.0004695941118930103;0.01254
Valor total repassado;Bloco saaúde resumido;XGBoost;2;-0.15836164951324463;0.09384317846676313;0.0029230369720607994;0.00030479316646774164;0.01254
Valor total repassado;Bloco saaúde resumido;MLP;2;0.046214747428894046;0.009143604520457416;0.0024425762705504893;0.00045454940008339523;0.01254
Valor total repassado;Bloco saúde completo;Regressão linear;0;0.21121710501051316;0.04844522052899016;0.011867037560141236;0.002687461462966549;0.01151
Valor total repassado;Bloco saúde completo;XGBoost;0;0.3803839921951294;0.14997077386515154;0.008971423469483852;0.0015489589084147783;0.01151
Valor total repassado;Bloco saúde completo;MLP;0;0.26825512647628785;0.07808248407664313;0.01080141793936491;0.0015444699854971283;0.01151
Valor total repassado;Bloco saúde completo;Regressão linear;1;0.08409599507754273;0.01364835481923265;0.0011483325075522853;0.0003782437885953676;0.01210
Valor total repassado;Bloco saúde completo;XGBoost;1;0.10092725753784179;0.16836853846320488;0.0010658459737896918;0.00025583583208243653;0.01210
Valor total repassado;Bloco saúde completo;MLP;1;0.07048592567443848;0.047057041942726405;0.0011458765598945319;0.00034178292008737126;0.01210
Valor total repassado;Bloco saúde completo;Regressão linear;2;0.08137932478970263;0.02434194766067285;0.00882047304745051;0.0019025590841537736;0.01266
Valor total repassado;Bloco saúde completo;XGBoost;2;0.11503254175186158;0.10092032934995673;0.008458785898983478;0.0018038390741088625;0.01266
Valor total repassado;Bloco saúde completo;MLP;2;0.07373844385147095;0.08538809722777033;0.008882714342325926;0.0019184714802674703;0.01266
Valor total repassado;Todos atributos independentes;Regressão linear;0;0.3856582640539763;0.026255945946603756;0.006585173352339252;0.001277744194254102;0.01565
Valor total repassado;Todos atributos independentes;XGBoost;0;0.7455553650856018;0.030324138128396516;0.0027152867522090675;0.000571767543219482;0.01565
Valor total repassado;Todos atributos independentes;MLP;0;0.49954813718795776;0.25174243371749117;0.0055636944714933636;0.0033283292692660475;0.01565
Valor total repassado;Todos atributos independentes;Regressão linear;1;0.2825700046397971;0.016392012345793777;0.0022514541491118556;0.0007536622118255397;0.01738
Valor total repassado;Todos atributos independentes;XGBoost;1;0.7140043020248413;0.04330493380087103;0.0008770895772613585;0.0002570334130022137;0.01738
Valor total repassado;Todos atributos independentes;MLP;1;0.40865793228149416;0.1260518952655434;0.0017764274962246418;0.0004101897007213542;0.01738
Valor total repassado;Todos atributos independentes;Regressão linear;2;0.41571936255000513;0.07710306952606659;0.00426371691112721;0.0015411866187720594;0.01376
Valor total repassado;Todos atributos independentes;XGBoost;2;0.7914574384689331;0.08308960782201007;0.0015816138009540736;0.0010059301774096618;0.01376
Valor total repassado;Todos atributos independentes;MLP;2;0.7796172618865966;0.1000980148654603;0.0017383548198267817;0.0013348464487193436;0.01376
População beneficiária;Idese;Regressão linear;0;0.23223678656298627;0.021386009907934992;0.004660441033946269;0.0001735829706516794;0.01247
População beneficiária;Idese;XGBoost;0;0.15045199394226075;0.02212322064528718;0.005157849658280611;0.00020815332652280162;0.01247
População beneficiária;Idese;MLP;0;-0.005350041389465332;0.0036839262659105055;0.006102950964123011;0.0001631294747822511;0.01247
População beneficiária;Idese;Regressão linear;1;-0.001169456301224292;0.001190525195216166;0.020803658180048326;0.000921304379010269;0.01108
População beneficiária;Idese;XGBoost;1;-0.0803407907485962;0.019133757782632904;0.022455670312047003;0.001201357817859;0.01108
População beneficiária;Idese;MLP;1;-0.0005393028259277344;0.00037021442425839247;0.020790330693125726;0.0009156448223246239;0.01108
População beneficiária;Idese;Regressão linear;2;0.009600381307585093;0.008506367793415568;0.0033522481496081357;0.0001906250803689139;0.01097
População beneficiária;Idese;XGBoost;2;-0.055047225952148435;0.04472027258061848;0.003567917039617896;0.00019729851042117402;0.01097
População beneficiária;Idese;MLP;2;-0.002424740791320801;0.003498917276382084;0.003394361166283488;0.00021554931883856245;0.01097
População beneficiária;Blocos individuais;Regressão linear;0;0.11115419186555402;0.008175717166838233;0.009474566693741953;0.00030319505353977925;0.01264
População beneficiária;Blocos individuais;XGBoost;0;-0.03384122848510742;0.028234514303082565;0.011012539453804492;0.00018705448962267463;0.01264
População beneficiária;Blocos individuais;MLP;0;0.15057860612869262;0.02612185970624533;0.00905957855284214;0.0005058290371794927;0.01264
População beneficiária;Blocos individuais;Regressão linear;1;0.21295114984417865;0.03202728769346121;0.019343606649068847;0.0018420196056138194;0.01203
População beneficiária;Blocos individuais;XGBoost;1;-0.002583622932434082;0.044927979378762126;0.02466028109192848;0.0025882712663078795;0.01203
População beneficiária;Blocos individuais;MLP;1;0.28109183311462405;0.047736545153041175;0.01768750660121441;0.0021320213659976554;0.01203
População beneficiária;Blocos individuais;Regressão linear;2;0.31342457163427107;0.02941493775338642;0.011286070803126064;0.0006155645065977844;0.01053
População beneficiária;Blocos individuais;XGBoost;2;0.1383758306503296;0.06817404407626287;0.014142160117626191;0.0008935720970435612;0.01053
População beneficiária;Blocos individuais;MLP;2;0.33243330717086794;0.04284669194378625;0.010977099649608135;0.0008373052584699127;0.01053
População beneficiária;Bloco educação individual;Regressão linear;0;0.38792120312102496;0.03620009964203304;0.003815170177611467;0.0002783568070901061;0.01104
População beneficiária;Bloco educação individual;XGBoost;0;0.33200151920318605;0.036220393173980674;0.004161885846406222;0.00026136622709433283;0.01104
População beneficiária;Bloco educação individual;MLP;0;-0.0013337850570678711;0.001654999630426606;0.006248041056096554;0.00041433694706991003;0.01104
População beneficiária;Bloco educação individual;Regressão linear;1;0.06335540185858857;0.02500487559288811;0.013422373790081122;0.0008238321856556637;0.01031
População beneficiária;Bloco educação individual;XGBoost;1;-0.09185001850128174;0.0533016038388584;0.01564511563628912;0.0011462948930660143;0.01031
População beneficiária;Bloco educação individual;MLP;1;-0.0011424541473388672;0.0009112084912128225;0.014345871098339558;0.0007743143523431932;0.01031
População beneficiária;Bloco educação individual;Regressão linear;2;0.049559289644490835;0.011958546134050113;0.0030443212657503297;0.00012978833114509066;0.00909
População beneficiária;Bloco educação individual;XGBoost;2;-0.020579493045806883;0.03000991354429364;0.003271806472912431;0.0002138285891682887;0.00909
População beneficiária;Bloco educação individual;MLP;2;-0.00249636173248291;0.0013728952561942777;0.003212273400276899;0.00015858949104118468;0.00909
População beneficiária;Bloco educação individual;Regressão linear;3;0.10434628382795919;0.019425961394549714;0.01586013026169794;0.0006795698555749503;0.00956
População beneficiária;Bloco educação individual;XGBoost;3;0.12247138023376465;0.044727519378144426;0.015524305962026119;0.0006860769579948014;0.00956
População beneficiária;Bloco educação individual;MLP;3;-0.004382967948913574;0.005673628754159276;0.01778452582657337;0.0006381839820896062;0.00956
População beneficiária;Bloco educaçaõ resumido;Regressão linear;0;0.1426487936869549;0.02324674918178499;0.011573020155737372;0.0009251030559841451;0.01174
População beneficiária;Bloco educaçaõ resumido;XGBoost;0;0.21157222986221313;0.043190869726525215;0.010641052760183812;0.0009724816099883541;0.01174
População beneficiária;Bloco educaçaõ resumido;MLP;0;-0.0017174243927001952;0.002150055267612894;0.013514490611851216;0.0009180985777034465;0.01174
População beneficiária;Bloco educaçaõ resumido;Regressão linear;1;0.09114599088141621;0.037065123647593574;0.023897532481817786;0.002115309647922958;0.01317
População beneficiária;Bloco educaçaõ resumido;XGBoost;1;0.16133815050125122;0.08910738962969235;0.021911172941327096;0.001368718858159396;0.01317
População beneficiária;Bloco educaçaõ resumido;MLP;1;-0.005070042610168457;0.004293103971891812;0.026460331678390504;0.002429287704462241;0.01317
População beneficiária;Bloco educaçaõ resumido;Regressão linear;2;0.104656352212031;0.03528834079077892;0.015434816390334793;0.0019220238212148094;0.01225
População beneficiária;Bloco educaçaõ resumido;XGBoost;2;0.023273980617523192;0.0513189675805587;0.016833787225186823;0.002176697977552836;0.01225
População beneficiária;Bloco educaçaõ resumido;MLP;2;-0.0021699905395507813;0.0012593766338612035;0.01723319198936224;0.0016295409314952128;0.01225
População beneficiária;Bloco educaçaõ resumido;Regressão linear;3;0.07972083270484494;0.034396141463514864;0.02504093659854839;0.002012385073369748;0.01001
População beneficiária;Bloco educaçaõ resumido;XGBoost;3;0.12518770694732667;0.031726201060219054;0.023810804635286332;0.001983307056643055;0.01001
População beneficiária;Bloco educaçaõ resumido;MLP;3;-0.0068356037139892575;0.005529740000181312;0.02736145704984665;0.0013597860126149375;0.01001
População beneficiária;Bloco educação completo;Regressão linear;0;0.03274783220499957;0.012505020346795714;0.027038017580531676;0.0022217061162642187;0.01132
População beneficiária;Bloco educação completo;XGBoost;0;0.3451017618179321;0.030994998556260887;0.018280696123838425;0.0014737521433610054;0.01132
População beneficiária;Bloco educação completo;MLP;0;-0.0022948026657104493;0.002894035638503589;0.027996217459440233;0.0019989000442233638;0.01132
População beneficiária;Bloco educação completo;Regressão linear;1;0.09566062707498221;0.011572846836869304;0.015380042251824714;0.0007735650871069336;0.01175
População beneficiária;Bloco educação completo;XGBoost;1;0.3658145904541016;0.016733790468957684;0.010780962929129601;0.0005064434984644151;0.01175
População beneficiária;Bloco educação completo;MLP;1;0.1208838701248169;0.027404117876798497;0.014951214753091335;0.0008824028861236579;0.01175
População beneficiária;Bloco educação completo;Regressão linear;2;0.12122073119897951;0.03924764175383096;0.024724989125472253;0.0025972017225448824;0.01260
População beneficiária;Bloco educação completo;XGBoost;2;0.41485517024993895;0.03998061922464392;0.016430826112627982;0.0016920643704999233;0.01260
População beneficiária;Bloco educação completo;MLP;2;0.21042083501815795;0.06485794325239069;0.022184782847762107;0.0025928571659055936;0.01260
População beneficiária;Bloco renda individual;Regressão linear;0;0.13696116665056884;0.042727140958425704;0.006628866574584303;0.00010689930056523672;0.01074
População beneficiária;Bloco renda individual;XGBoost;0;0.10403283834457397;0.05846601531699319;0.006879524048417807;0.00025794345625847795;0.01074
População beneficiária;Bloco renda individual;MLP;0;0.1909213900566101;0.06568121670056304;0.006207658909261227;0.00029508554129171436;0.01074
População beneficiária;Bloco renda individual;Regressão linear;1;0.001287598378526722;0.004865607292670047;0.020383308339494186;0.0007724484003266827;0.01051
População beneficiária;Bloco renda individual;XGBoost;1;-0.059821343421936034;0.03139504689474526;0.021610753238201143;0.00043741231828149576;0.01051
População beneficiária;Bloco renda individual;MLP;1;0.050629043579101564;0.016547375034915508;0.019374795630574225;0.0007642219847594966;0.01051
População beneficiária;Bloco renda individual;Regressão linear;2;0.03587834999543256;0.004119486823478499;0.006551133538014469;0.000497271060929918;0.00986
População beneficiária;Bloco renda individual;XGBoost;2;-0.08356173038482666;0.029947996268841936;0.007350450474768877;0.0004159197582255005;0.00986
População beneficiária;Bloco renda individual;MLP;2;0.06941910982131957;0.01626617317461672;0.006320455204695463;0.0004618090796688708;0.00986
População beneficiária;Bloco renda completo;Regressão linear;0;0.05821388660156903;0.026037351274025837;0.008171398614715232;0.0004853107921671547;0.01298
População beneficiária;Bloco renda completo;XGBoost;0;-0.22454373836517333;0.07682077863680624;0.010628839954733849;0.0009305275790332278;0.01298
População beneficiária;Bloco renda completo;MLP;0;-0.00477442741394043;0.001253602921893179;0.00871563572436571;0.00041803360788096133;0.01298
População beneficiária;Bloco renda completo;Regressão linear;1;0.016231307867410137;0.007801218160484637;0.0069884085725106185;0.00026167589675061496;0.01025
População beneficiária;Bloco renda completo;XGBoost;1;-0.26522326469421387;0.02867131558831711;0.008988360129296779;0.00040097222346229943;0.01025
População beneficiária;Bloco renda completo;MLP;1;-0.010949325561523438;0.010392325715436105;0.007182432897388935;0.0002990563888710281;0.01025
População beneficiária;Bloco renda completo;Regressão linear;2;0.24601681159596903;0.0422251751911394;0.011137626802170942;0.0005966473353713849;0.00972
População beneficiária;Bloco renda completo;XGBoost;2;-0.008506286144256591;0.029668581228922828;0.014906318858265877;0.0006259373476536199;0.00972
População beneficiária;Bloco renda completo;MLP;2;-0.004464268684387207;0.003995992275545101;0.014845074713230133;0.00040070801734698556;0.00972
População beneficiária;Bloco renda completo;Regressão linear;3;0.03170417333496689;0.02569778718450095;0.01192108791532095;0.00042709892453526827;0.01057
População beneficiária;Bloco renda completo;XGBoost;3;-0.34995577335357664;0.1068682320171913;0.01662364471703768;0.0014396665257478448;0.01057
População beneficiária;Bloco renda completo;MLP;3;-0.0011962652206420898;0.0009954746096600274;0.012332675233483314;0.0004972080099607276;0.01057
População beneficiária;Bloco saúde individual;Regressão linear;0;0.060308422417932064;0.0069221420942385025;0.007817374412396974;0.00028658674548685646;0.01178
População beneficiária;Bloco saúde individual;XGBoost;0;0.009601402282714843;0.02186738931704465;0.00824089627712965;0.0003861318756489986;0.01178
População beneficiária;Bloco saúde individual;MLP;0;0.07520813941955566;0.01238002346717074;0.007693986501544714;0.0003102606942386023;0.01178
População beneficiária;Bloco saúde individual;Regressão linear;1;0.06049849591952387;0.0441191433039163;0.013018669584054371;0.002103196510165008;0.00984
População beneficiária;Bloco saúde individual;XGBoost;1;-0.10848531723022461;0.0723249685431076;0.015274190716445446;0.001985147323354258;0.00984
População beneficiária;Bloco saúde individual;MLP;1;-0.007703995704650879;0.006370276123345664;0.013992640934884549;0.0022610860804261014;0.00984
População beneficiária;Bloco saúde individual;Regressão linear;2;0.013039573930272974;0.019850826454811413;0.0068875560139953825;0.0003568891988198673;0.01051
População beneficiária;Bloco saúde individual;XGBoost;2;-0.10107769966125488;0.07660129226076703;0.007664472330361605;0.0003552966863386447;0.01051
População beneficiária;Bloco saúde individual;MLP;2;-0.0034244298934936524;0.002642800068651946;0.007000809535384178;0.00029945133984083034;0.01051
População beneficiária;Bloco saaúde resumido;Regressão linear;0;0.10084340262329967;0.022064765949782936;0.00945965553356257;0.00039185587172950166;0.01104
População beneficiária;Bloco saaúde resumido;XGBoost;0;-0.03812856674194336;0.0874444038641802;0.010881130397319794;0.00037941694830702187;0.01104
População beneficiária;Bloco saaúde resumido;MLP;0;0.15021049976348877;0.04066150865389265;0.008927177637815475;0.0001938486851643006;0.01104
População beneficiária;Bloco saaúde resumido;Regressão linear;1;0.0511763229612465;0.005079183041667689;0.010898396847625511;0.0004307686554492762;0.01155
População beneficiária;Bloco saaúde resumido;XGBoost;1;-0.22570714950561524;0.0658612549687411;0.014073657803237438;0.0008707546261811578;0.01155
População beneficiária;Bloco saaúde resumido;MLP;1;0.05775719881057739;0.02435365840322228;0.010823649354279041;0.0005288234289157593;0.01155
População beneficiária;Bloco saaúde resumido;Regressão linear;2;0.01682676500776681;0.014283232643637116;0.015612131343531746;0.0013317147773898375;0.01167
População beneficiária;Bloco saaúde resumido;XGBoost;2;-0.1310589551925659;0.04986185576644011;0.017935894057154657;0.0014006620978341902;0.01167
População beneficiária;Bloco saaúde resumido;MLP;2;-0.0012673616409301757;0.0015912857094797892;0.015912449173629283;0.00148198950349124;0.01167
População beneficiária;Bloco saúde completo;Regressão linear;0;0.1414611760499508;0.015849089140307995;0.01114781849457235;0.0005159008679199543;0.01247
População beneficiária;Bloco saúde completo;XGBoost;0;0.1345287084579468;0.07008961391344398;0.01122655365616083;0.0009139292071650084;0.01247
População beneficiária;Bloco saúde completo;MLP;0;0.2023663878440857;0.03542312769867839;0.01035507619380951;0.0006075204829879966;0.01247
População beneficiária;Bloco saúde completo;Regressão linear;1;0.04069691609824251;0.0038986028352145747;0.015747173373725297;0.0005973999179280881;0.01191
População beneficiária;Bloco saúde completo;XGBoost;1;-0.025198256969451903;0.03346380793260467;0.016823907569050788;0.0007270096989712371;0.01191
População beneficiária;Bloco saúde completo;MLP;1;0.04152371883392334;0.03267300450747162;0.015727442502975465;0.0006539006029614587;0.01191
População beneficiária;Bloco saúde completo;Regressão linear;2;0.0804869146523504;0.045484283488176035;0.02194180859059223;0.0023095839530670285;0.01032
População beneficiária;Bloco saúde completo;XGBoost;2;0.14575902223587037;0.03382046497569756;0.020330650359392168;0.0014828617298698315;0.01032
População beneficiária;Bloco saúde completo;MLP;2;0.16389318704605102;0.07767870436563894;0.01984029561281204;0.0016697061527039575;0.01032
População beneficiária;Bloco saúde completo;Regressão linear;3;0.10175549105705362;0.044972353029242594;0.020808694130693056;0.0014588863075132466;0.01034
População beneficiária;Bloco saúde completo;XGBoost;3;0.2131844401359558;0.0710917204512939;0.018150683492422104;0.0008973718547921115;0.01034
População beneficiária;Bloco saúde completo;MLP;3;0.17146378755569458;0.06002242618832339;0.01919834464788437;0.0017844985020949676;0.01034
População beneficiária;Todos atributos independentes;Regressão linear;0;0.17385916458211687;0.031125963702958344;0.024427720707920115;0.0015372757839531058;0.01765
População beneficiária;Todos atributos independentes;XGBoost;0;0.5172327280044555;0.024222963294058;0.014241367019712925;0.00031289686068636946;0.01765
População beneficiária;Todos atributos independentes;MLP;0;0.2586528420448303;0.06661105245209387;0.021990254893898963;0.002952740649389919;0.01765
População beneficiária;Todos atributos independentes;Regressão linear;1;0.16124512410114308;0.022774473697237486;0.004874422043384815;0.0004339448393856527;0.01478
População beneficiária;Todos atributos independentes;XGBoost;1;0.39812273979187013;0.047999335236600923;0.0034800914116203787;0.0002198457190255363;0.01478
População beneficiária;Todos atributos independentes;MLP;1;-0.0026793479919433594;0.004976496062281225;0.005824712570756674;0.0004741865407331296;0.01478
População beneficiária;Todos atributos independentes;Regressão linear;2;0.17228271324667488;0.030463365679356584;0.017028829865905634;0.0016396988118730991;0.01605
População beneficiária;Todos atributos independentes;XGBoost;2;0.4273672580718994;0.023061339331989075;0.011766350269317627;0.0009912425160486919;0.01605
População beneficiária;Todos atributos independentes;MLP;2;0.20526738166809083;0.05717552376498846;0.016386430896818637;0.002101685820520471;0.01605
Repasse por beneficiário;Idese;Regressão linear;0;0.02420096702780672;0.01162590658913607;0.0040638277580262215;0.0003390783716357324;0.01325
Repasse por beneficiário;Idese;XGBoost;0;-0.0376530647277832;0.021703852008493403;0.004322974057868123;0.0003847413882342469;0.01325
Repasse por beneficiário;Idese;MLP;0;0.02054276466369629;0.013322847934837304;0.0040778016671538355;0.00032159934992324966;0.01325
Repasse por beneficiário;Idese;Regressão linear;1;0.0408033109007818;0.016180677308559058;0.004980198526496375;0.00027241163633629525;0.01065
Repasse por beneficiário;Idese;XGBoost;1;-0.010465264320373535;0.03280147386411837;0.005245727580040693;0.00031369032203270794;0.01065
Repasse por beneficiário;Idese;MLP;1;0.022028577327728272;0.034904227476292904;0.005077399965375662;0.0003182131953777492;0.01065
Repasse por beneficiário;Idese;Regressão linear;2;0.023181699811543898;0.016832523411064972;0.0058066665341409245;0.0012108399797837715;0.01139
Repasse por beneficiário;Idese;XGBoost;2;-0.020556700229644776;0.035752262285971954;0.00606449069455266;0.0012559843077775135;0.01139
Repasse por beneficiário;Idese;MLP;2;0.09689466953277588;0.033396739276013145;0.0053852062672376634;0.0012317614738181339;0.01139
Repasse por beneficiário;Blocos individuais;Regressão linear;0;0.010007168891044471;0.006769231673645712;0.004503122443329714;0.00032789733265591324;0.01013
Repasse por beneficiário;Blocos individuais;XGBoost;0;-0.30944879055023194;0.045129762394736254;0.005945583153516054;0.000322475453732186;0.01013
Repasse por beneficiário;Blocos individuais;MLP;0;-0.005004167556762695;0.004929546250505025;0.004571607895195484;0.0003328350494907638;0.01013
Repasse por beneficiário;Blocos individuais;Regressão linear;1;0.008289022791901935;0.004034683488156508;0.005755963875341714;0.00044416636620282296;0.01176
Repasse por beneficiário;Blocos individuais;XGBoost;1;-0.25448105335235593;0.019684915571926188;0.007278500311076641;0.0005371921750839275;0.01176
Repasse por beneficiário;Blocos individuais;MLP;1;-0.0014310598373413086;0.0019820959404388953;0.005812589731067419;0.0004516729916648534;0.01176
Repasse por beneficiário;Blocos individuais;Regressão linear;2;0.026496889298176153;0.0135673279009882;0.0026421252671621235;0.00022228161400568753;0.01125
Repasse por beneficiário;Blocos individuais;XGBoost;2;-0.33843517303466797;0.08551825783198673;0.0036204529926180838;0.00023827078463761766;0.01125
Repasse por beneficiário;Blocos individuais;MLP;2;-0.009204459190368653;0.008968067879790223;0.002738679246976972;0.0002241229837529404;0.01125
Repasse por beneficiário;Bloco educação individual;Regressão linear;0;0.0007119272101093089;0.005253943829501358;0.003995903654649725;0.00026981429639840143;0.01089
Repasse por beneficiário;Bloco educação individual;XGBoost;0;-0.10067181587219239;0.048157003607627806;0.004391055647283792;0.00019816284599715782;0.01089
Repasse por beneficiário;Bloco educação individual;MLP;0;-0.0053955078125;0.004444541730628504;0.004020326724275947;0.0002717244686128971;0.01089
Repasse por beneficiário;Bloco educação individual;Regressão linear;1;-0.003771463549823295;0.0037090438890424182;0.005682074669153643;0.0005719671361719861;0.01143
Repasse por beneficiário;Bloco educação individual;XGBoost;1;-0.03878087997436523;0.01037031883959259;0.005880232620984316;0.0005958080479220124;0.01143
Repasse por beneficiário;Bloco educação individual;MLP;1;-0.005477690696716308;0.006367013576765516;0.005690020974725485;0.0005573566599383722;0.01143
Repasse por beneficiário;Bloco educação individual;Regressão linear;2;-0.007457656379659827;0.00947809695296607;0.0019903629909847126;0.00039478070791926727;0.01151
Repasse por beneficiário;Bloco educação individual;XGBoost;2;-0.4136075735092163;0.14133646947328812;0.002743299352005124;0.0002621808772076967;0.01151
Repasse por beneficiário;Bloco educação individual;MLP;2;-0.014989066123962402;0.007015567130047996;0.0020060870796442033;0.0004023791052309261;0.01151
Repasse por beneficiário;Bloco educaçaõ resumido;Regressão linear;0;0.19616677895481643;0.03534534925100201;0.0020438190872935575;0.00027912053078663513;0.01148
Repasse por beneficiário;Bloco educaçaõ resumido;XGBoost;0;0.16550625562667848;0.06621348503248739;0.002103079203516245;0.00015228103778672453;0.01148
Repasse por beneficiário;Bloco educaçaõ resumido;MLP;0;0.19329254627227782;0.04510138731463489;0.0020468743983656167;0.00025197719381521064;0.01148
Repasse por beneficiário;Bloco educaçaõ resumido;Regressão linear;1;0.015274858950985414;0.008743789148269333;0.005521332949177652;0.0005213214153759446;0.01127
Repasse por beneficiário;Bloco educaçaõ resumido;XGBoost;1;-0.260807466506958;0.04764383094677642;0.007048377115279436;0.0004650465584527218;0.01127
Repasse por beneficiário;Bloco educaçaõ resumido;MLP;1;0.013850927352905273;0.01255905649131854;0.005523499380797148;0.0004571473614415586;0.01127
Repasse por beneficiário;Bloco educaçaõ resumido;Regressão linear;2;0.023089074223261674;0.023232808294569165;0.0052664921051462175;0.00044961732500582025;0.01157
Repasse por beneficiário;Bloco educaçaõ resumido;XGBoost;2;-0.312140154838562;0.04345510962067222;0.007066243700683117;0.0005384607604781122;0.01157
Repasse por beneficiário;Bloco educaçaõ resumido;MLP;2;0.029595494270324707;0.016397240742428692;0.00523047661408782;0.00042922289876897503;0.01157
Repasse por beneficiário;Bloco educação completo;Regressão linear;0;0.2646394804592247;0.03049114623054109;0.0021250280248638347;0.00025729277552158727;0.01218
Repasse por beneficiário;Bloco educação completo;XGBoost;0;0.3977621793746948;0.05711138794087625;0.0017322865780442954;0.00019836335398978636;0.01218
Repasse por beneficiário;Bloco educação completo;MLP;0;0.28516989946365356;0.039925831875479816;0.002065657009370625;0.0002590498933401067;0.01218
Repasse por beneficiário;Bloco educação completo;Regressão linear;1;0.024753565401686006;0.011997434021287461;0.0052737565493958735;0.00043062938589840684;0.01210
Repasse por beneficiário;Bloco educação completo;XGBoost;1;-0.2778634071350098;0.09874406558579377;0.0068763731978833675;0.0003605913071002962;0.01210
Repasse por beneficiário;Bloco educação completo;MLP;1;0.0033492803573608398;0.028657975224357018;0.0053937057964503765;0.000507797740893266;0.01210
Repasse por beneficiário;Bloco educação completo;Regressão linear;2;0.030602755326965724;0.012193274703865274;0.005522722313682996;0.0006214646612626135;0.01117
Repasse por beneficiário;Bloco educação completo;XGBoost;2;-0.2558250427246094;0.13412957661673147;0.007110134605318308;0.0007332858782124705;0.01117
Repasse por beneficiário;Bloco educação completo;MLP;2;0.03987497091293335;0.019851374939363828;0.005478295218199492;0.0006995019146145034;0.01117
Repasse por beneficiário;Bloco renda individual;Regressão linear;0;0.004597235514046205;0.003724794819179307;0.005341153287249906;0.00025887287920800485;0.00944
Repasse por beneficiário;Bloco renda individual;XGBoost;0;-0.04937249422073364;0.04096747995484076;0.005624021403491497;0.00022268028421343992;0.00944
Repasse por beneficiário;Bloco renda individual;MLP;0;-0.0030605554580688476;0.005408829626977604;0.005381702724844217;0.0002514309390994784;0.00944
Repasse por beneficiário;Bloco renda individual;Regressão linear;1;0.0002414500564144051;0.009132941693703624;0.003434516777640606;0.00047170830113019504;0.00935
Repasse por beneficiário;Bloco renda individual;XGBoost;1;-0.15546658039093017;0.055780686570103405;0.003980258898809552;0.000627371542396183;0.00935
Repasse por beneficiário;Bloco renda individual;MLP;1;-0.000805509090423584;0.013932716708378381;0.003438368672505021;0.0004800359674585952;0.00935
Repasse por beneficiário;Bloco renda individual;Regressão linear;2;-0.0031249831734222245;0.00760844729702939;0.005561833145397084;0.001117676335039238;0.00943
Repasse por beneficiário;Bloco renda individual;XGBoost;2;-0.08883898258209229;0.10936912444543852;0.0059302146546542645;0.0006484728310801618;0.00943
Repasse por beneficiário;Bloco renda individual;MLP;2;-0.007735919952392578;0.007659674200850008;0.005593418050557375;0.0011611360590042985;0.00943
Repasse por beneficiário;Bloco renda individual;Regressão linear;3;0.004906050202687351;0.013965065639064635;0.005011436479762975;0.0002107496263618704;0.01194
Repasse por beneficiário;Bloco renda individual;XGBoost;3;-0.03690259456634522;0.03450497909939414;0.0052158676087856294;9.576001594083625e-05;0.01194
Repasse por beneficiário;Bloco renda individual;MLP;3;0.002420032024383545;0.011616218591605724;0.00502422396093607;0.00021347613537067253;0.01194
Repasse por beneficiário;Bloco renda completo;Regressão linear;0;0.01871816556331791;0.012011059911245394;0.005700303223462962;0.0010798690457308727;0.01109
Repasse por beneficiário;Bloco renda completo;XGBoost;0;-0.4400834798812866;0.1306342268314993;0.008230040501803159;0.0007297156547631671;0.01109
Repasse por beneficiário;Bloco renda completo;MLP;0;-0.005507159233093262;0.003904373098244448;0.005834172945469618;0.001057794987007635;0.01109
Repasse por beneficiário;Bloco renda completo;Regressão linear;1;0.03468524373659212;0.016509547596896615;0.004639008392045257;0.0002809690138994431;0.01091
Repasse por beneficiário;Bloco renda completo;XGBoost;1;-0.27696130275726316;0.08657877614868913;0.006127607729285956;0.00044231950591558;0.01091
Repasse por beneficiário;Bloco renda completo;MLP;1;-0.005841875076293945;0.0030703992600793323;0.0048360911197960375;0.00031482244527865035;0.01091
Repasse por beneficiário;Bloco renda completo;Regressão linear;2;0.020443354829672966;0.017455698827553493;0.0047770400429031894;0.0005111366625578656;0.00984
Repasse por beneficiário;Bloco renda completo;XGBoost;2;-0.4382788896560669;0.06085195144788179;0.006993600819259882;0.0005586091933370748;0.00984
Repasse por beneficiário;Bloco renda completo;MLP;2;-0.0048227071762084964;0.003578608227343725;0.004900588002055883;0.0005196318386574833;0.00984
Repasse por beneficiário;Bloco saúde individual;Regressão linear;0;0.007157597815144312;0.006351332256804111;0.004425013040575196;0.0002694378588105471;0.01189
Repasse por beneficiário;Bloco saúde individual;XGBoost;0;-0.09493350982666016;0.06685783470783058;0.004887810815125704;0.0005002466656161075;0.01189
Repasse por beneficiário;Bloco saúde individual;MLP;0;-0.001466846466064453;0.012457879487149565;0.004461360722780227;0.00024059864656096676;0.01189
Repasse por beneficiário;Bloco saúde individual;Regressão linear;1;6.176646795945651e-05;0.001845707911734529;0.005872324491859882;0.0004617996093537219;0.01106
Repasse por beneficiário;Bloco saúde individual;XGBoost;1;-0.0517087459564209;0.011931253949966117;0.0061713260598480705;0.0004199654962618088;0.01106
Repasse por beneficiário;Bloco saúde individual;MLP;1;0.00021783113479614257;0.0033614597059101175;0.005871419329196215;0.0004629110027169046;0.01106
Repasse por beneficiário;Bloco saúde individual;Regressão linear;2;-0.0018650882359024568;0.006293440625509627;0.004073114650456651;0.0005951055681378233;0.01023
Repasse por beneficiário;Bloco saúde individual;XGBoost;2;-0.2579428434371948;0.08840925133983409;0.00508010545745492;0.0005448341554797917;0.01023
Repasse por beneficiário;Bloco saúde individual;MLP;2;0.0004978299140930176;0.005310447267055438;0.004061664454638958;0.0005792109225781688;0.01023
Repasse por beneficiário;Bloco saaúde resumido;Regressão linear;0;0.006474471267419157;0.010244879611182802;0.004455890969428565;0.00021408298701616863;0.01006
Repasse por beneficiário;Bloco saaúde resumido;XGBoost;0;-0.3739398241043091;0.05722977134250869;0.006153650116175413;0.0002085752225942726;0.01006
Repasse por beneficiário;Bloco saaúde resumido;MLP;0;0.009256184101104736;0.015392136078114783;0.004442746844142675;0.00020431406823174895;0.01006
Repasse por beneficiário;Bloco saaúde resumido;Regressão linear;1;0.007421951974766449;0.003317524010291364;0.005870854066776856;0.0005937166011628878;0.01279
Repasse por beneficiário;Bloco saaúde resumido;XGBoost;1;-0.3026331663131714;0.09963708803551981;0.0076908042654395105;0.0008230585115779942;0.01279
Repasse por beneficiário;Bloco saaúde resumido;MLP;1;0.020167481899261475;0.005983786985408533;0.005795117374509573;0.0005851921733011806;0.01279
Repasse por beneficiário;Bloco saaúde resumido;Regressão linear;2;0.03626184475562806;0.02598200678630383;0.003784883557328058;0.00021720109168029463;0.00979
Repasse por beneficiário;Bloco saaúde resumido;XGBoost;2;-0.18692758083343505;0.032050740310161446;0.0046666479669511315;0.0003397045358871957;0.00979
Repasse por beneficiário;Bloco saaúde resumido;MLP;2;0.07710932493209839;0.027300775240352786;0.0036236091051250695;0.00019698424896729053;0.00979
Repasse por beneficiário;Bloco saúde completo;Regressão linear;0;0.04836073066133728;0.014221903506357646;0.004159660893770887;0.00020678227798048246;0.01211
Repasse por beneficiário;Bloco saúde completo;XGBoost;0;-0.043451762199401854;0.029974413712491963;0.004562550783157348;0.00027662955755583307;0.01211
Repasse por beneficiário;Bloco saúde completo;MLP;0;0.07986143827438355;0.019846806037543296;0.004022911703214049;0.0002273383948435504;0.01211
Repasse por beneficiário;Bloco saúde completo;Regressão linear;1;0.015482553187818705;0.011509613237335403;0.005221770480131363;0.00043164527680403;0.01299
Repasse por beneficiário;Bloco saúde completo;XGBoost;1;-0.18108909130096434;0.052692683573351454;0.006248459406197071;0.0003921170109357123;0.01299
Repasse por beneficiário;Bloco saúde completo;MLP;1;0.011491715908050537;0.04310274321673712;0.0052482614293694494;0.0005418544517042273;0.01299
Repasse por beneficiário;Bloco saúde completo;Regressão linear;2;0.01771876851558034;0.01659360296509832;0.0061695554144709334;0.0006859047340004251;0.01155
Repasse por beneficiário;Bloco saúde completo;XGBoost;2;-0.12002642154693603;0.05905383143177145;0.00700189471244812;0.00047103997079946304;0.01155
Repasse por beneficiário;Bloco saúde completo;MLP;2;0.03420777320861816;0.014344631801433149;0.006066842377185822;0.0006808866528360452;0.01155
Repasse por beneficiário;Todos atributos independentes;Regressão linear;0;0.30757838717735514;0.014805835968801185;0.002839952999925492;0.00010987691274407726;0.01771
Repasse por beneficiário;Todos atributos independentes;XGBoost;0;0.36260690689086916;0.03186426962183352;0.002616640506312251;0.00018814334397232666;0.01771
Repasse por beneficiário;Todos atributos independentes;MLP;0;0.27866424322128297;0.07913416762754591;0.002958433097228408;0.0003387239466836995;0.01771
Repasse por beneficiário;Todos atributos independentes;Regressão linear;1;0.041419493562287205;0.014533330094241115;0.006013823763942971;0.0007973844307738734;0.01519
Repasse por beneficiário;Todos atributos independentes;XGBoost;1;-0.013426852226257325;0.016059551257260708;0.006343509629368782;0.0007108187520487665;0.01519
Repasse por beneficiário;Todos atributos independentes;MLP;1;-0.0075800538063049315;0.04223738071032882;0.0063023118302226065;0.0006866016833235103;0.01519
Repasse por beneficiário;Todos atributos independentes;Regressão linear;2;0.11450880719339504;0.02270393808180739;0.004819038662400438;0.0002719225273434008;0.01700
Repasse por beneficiário;Todos atributos independentes;XGBoost;2;0.12149370908737182;0.036169046773957686;0.004784567188471556;0.0003602576026776315;0.01700
Repasse por beneficiário;Todos atributos independentes;MLP;2;0.15349483489990234;0.028446296535597687;0.004609447438269854;0.0003189719485544994;0.01700
Repasse por população;Idese;Regressão linear;0;0.08605894542703821;0.010382401768912248;0.0038996442209462702;0.00021810862627472344;0.01023
Repasse por população;Idese;XGBoost;0;-0.018952465057373045;0.04999267616663071;0.004351472808048129;0.0003636597433161876;0.01023
Repasse por população;Idese;MLP;0;-0.005797839164733887;0.0052582993646359604;0.004291624762117863;0.00023770391276717879;0.01023
Repasse por população;Idese;Regressão linear;1;0.026264432784430115;0.0061159811237662814;0.004503586205506592;0.00027877783991190036;0.01287
Repasse por população;Idese;XGBoost;1;0.013360536098480225;0.01066257628813689;0.004560659546405077;0.00023941785915235894;0.01287
Repasse por população;Idese;MLP;1;0.0220381498336792;0.006898199807848009;0.004523439519107342;0.0002845387124832479;0.01287
Repasse por população;Idese;Regressão linear;2;-0.009824373585067048;0.005395197910152633;0.005876418346369563;0.00029301571921162405;0.01183
Repasse por população;Idese;XGBoost;2;-0.2295377016067505;0.08153580617119044;0.007156209181994199;0.000624146757916978;0.01183
Repasse por população;Idese;MLP;2;-0.008736968040466309;0.00481863396191722;0.00587039664387703;0.000298316167412015;0.01183
Repasse por população;Idese;Regressão linear;3;0.005589773539783627;0.007385643372669491;0.012985314024085376;0.00159214205523444;0.01025
Repasse por população;Idese;XGBoost;3;-0.1566922903060913;0.08895872770453592;0.015025750175118447;0.001559597410576731;0.01025
Repasse por população;Idese;MLP;3;-0.004891300201416015;0.004590452398300616;0.013109966553747654;0.0014997267125527287;0.01025
Repasse por população;Blocos individuais;Regressão linear;0;0.029616946973394252;0.013139639648377756;0.01790324372708178;0.0018330756321905583;0.01516
Repasse por população;Blocos individuais;XGBoost;0;-0.03928947448730469;0.04651077436317564;0.019122887030243875;0.0015345745559303561;0.01516
Repasse por população;Blocos individuais;MLP;0;0.06622796058654785;0.06380413928200228;0.017257091403007508;0.002348599072388792;0.01516
Repasse por população;Blocos individuais;Regressão linear;1;0.07938141082555081;0.003394940699655339;0.006198980115456044;0.00044043689427234297;0.01142
Repasse por população;Blocos individuais;XGBoost;1;-0.10238912105560302;0.04415940833886712;0.0074134690687060354;0.0004624408246359158;0.01142
Repasse por população;Blocos individuais;MLP;1;0.07544633150100707;0.024094283517054883;0.0062270484864711765;0.0004915586988785792;0.01142
Repasse por população;Blocos individuais;Regressão linear;2;0.04290405819146341;0.04391496128365392;0.010760247745988608;0.003279724321791207;0.01072
Repasse por população;Blocos individuais;XGBoost;2;-0.22074240446090698;0.1587518240517424;0.01321084313094616;0.0021209897078141304;0.01072
Repasse por população;Blocos individuais;MLP;2;0.12165558338165283;0.04090812987695474;0.009871456027030944;0.0029879263243267635;0.01072
Repasse por população;Bloco educação individual;Regressão linear;0;0.05289795641919663;0.014678144697034604;0.005890161150142765;0.00038644822063316095;0.01366
Repasse por população;Bloco educação individual;XGBoost;0;-0.026642918586730957;0.05818070038547712;0.006372768711298704;0.000376577478902703;0.01366
Repasse por população;Bloco educação individual;MLP;0;-0.001969146728515625;0.0034539471919658553;0.00623124772682786;0.00039509615694051397;0.01366
Repasse por população;Bloco educação individual;Regressão linear;1;0.1832628154146411;0.023200931857296696;0.013723005642929265;0.001690436724011083;0.01109
Repasse por população;Bloco educação individual;XGBoost;1;0.20347100496292114;0.015169792100755874;0.01335673127323389;0.001422337707427892;0.01109
Repasse por população;Bloco educação individual;MLP;1;-0.0030260086059570312;0.0034378997217867466;0.016816499084234236;0.0017226749065033214;0.01109
Repasse por população;Bloco educaçaõ resumido;Regressão linear;0;0.03627666638571252;0.022670779127394;0.007719693540611049;0.001060210636290542;0.01177
Repasse por população;Bloco educaçaõ resumido;XGBoost;0;0.029768931865692138;0.11763281509990538;0.0076587354764342305;0.00038136234567150384;0.01177
Repasse por população;Bloco educaçaõ resumido;MLP;0;-0.0038010597229003905;0.002721473993812686;0.008052154537290334;0.001160436505738225;0.01177
Repasse por população;Bloco educaçaõ resumido;Regressão linear;1;0.15546942193486704;0.014683987574302488;0.011251859669982106;0.00018497119993665664;0.01187
Repasse por população;Bloco educaçaõ resumido;XGBoost;1;0.11046192646026612;0.03382412336573644;0.01184513121843338;0.00022610348453704876;0.01187
Repasse por população;Bloco educaçaõ resumido;MLP;1;-0.0015220403671264648;0.001128499917093661;0.013348096050322056;0.0003449384991264244;0.01187
Repasse por população;Bloco educaçaõ resumido;Regressão linear;2;0.07091176550155424;0.024942136573815686;0.017468839779539436;0.002977111268851806;0.01075
Repasse por população;Bloco educaçaõ resumido;XGBoost;2;0.06550248861312866;0.15620038204702022;0.017214923910796643;0.0021627893425917345;0.01075
Repasse por população;Bloco educaçaõ resumido;MLP;2;-0.009438371658325196;0.0035501058033625796;0.018963773734867573;0.0031016263122606883;0.01075
Repasse por população;Bloco educação completo;Regressão linear;0;0.05498870929626933;0.036880893725722015;0.018447232268320898;0.0021932439805954175;0.01064
Repasse por população;Bloco educação completo;XGBoost;0;0.358097767829895;0.1010147136378364;0.012395638786256314;0.001522346923299544;0.01064
Repasse por população;Bloco educação completo;MLP;0;0.0882314920425415;0.014711812698517538;0.01787897404283285;0.0026040114131186407;0.01064
Repasse por população;Bloco educação completo;Regressão linear;1;0.14973470683350626;0.014754040678613137;0.01019277904754749;0.0005925324825268976;0.01149
Repasse por população;Bloco educação completo;XGBoost;1;0.2953031897544861;0.03720585073161622;0.008440103009343147;0.0005319922447891273;0.01149
Repasse por população;Bloco educação completo;MLP;1;0.16985951662063598;0.01686849214040898;0.009945325553417206;0.0004611507305508817;0.01149
Repasse por população;Bloco educação completo;Regressão linear;2;0.09317585904400436;0.019817394664296772;0.008131688587880121;0.000719405659871057;0.01041
Repasse por população;Bloco educação completo;XGBoost;2;0.3433086037635803;0.0827052799478013;0.005828916281461716;0.00032766378870197104;0.01041
Repasse por população;Bloco educação completo;MLP;2;0.14991358518600464;0.0397891753881396;0.00760079463943839;0.0004793409468855496;0.01041
Repasse por população;Bloco renda individual;Regressão linear;0;0.028832539242961964;0.013931084319149812;0.004210717741165411;0.0004916319926565373;0.01094
Repasse por população;Bloco renda individual;XGBoost;0;-0.02003450393676758;0.047838470369467534;0.004408994037657976;0.0004324669123521285;0.01094
Repasse por população;Bloco renda individual;MLP;0;0.012025392055511475;0.01825755586510442;0.0042801644187420605;0.0004736368835686985;0.01094
Repasse por população;Bloco renda individual;Regressão linear;1;0.0069703595356945145;0.010216749230353315;0.01581577169464808;0.0021134419919415105;0.01109
Repasse por população;Bloco renda individual;XGBoost;1;0.028431916236877443;0.028318335560254437;0.015460875257849694;0.001976408536158828;0.01109
Repasse por população;Bloco renda individual;MLP;1;0.09486187696456909;0.014391183544782443;0.014413391053676606;0.0018870198879846574;0.01109
Repasse por população;Bloco renda individual;Regressão linear;2;-0.005968180140488233;0.005846975227592913;0.004976214259705526;0.000523870690491784;0.01097
Repasse por população;Bloco renda individual;XGBoost;2;-0.14683363437652588;0.0687695418219956;0.005641755275428295;0.0003320284397034671;0.01097
Repasse por população;Bloco renda individual;MLP;2;-0.0032085299491882322;0.014673556718389503;0.00495761688798666;0.00047605472484860167;0.01097
Repasse por população;Bloco renda completo;Regressão linear;0;-0.0008373057584793342;0.014205569139910362;0.011877203060946525;0.0020651378567040674;0.01052
Repasse por população;Bloco renda completo;XGBoost;0;-0.22202889919281005;0.19772670254562746;0.014292270131409168;0.002084760319295236;0.01052
Repasse por população;Bloco renda completo;MLP;0;0.12270948886871338;0.06456639340178821;0.010404759831726552;0.001914094406223014;0.01052
Repasse por população;Bloco renda completo;Regressão linear;1;0.07552662813414943;0.017612284156502275;0.005291411298015057;0.00016027071954987724;0.00980
Repasse por população;Bloco renda completo;XGBoost;1;-0.1818002700805664;0.05202532342712584;0.006762280128896236;0.00029123346518473346;0.00980
Repasse por população;Bloco renda completo;MLP;1;0.040425777435302734;0.07813912733867133;0.0054907815530896185;0.0004318087905455532;0.00980
Repasse por população;Bloco renda completo;Regressão linear;2;0.00686630603547358;0.00873772232472449;0.0042715109935641616;0.0006195456873334744;0.01112
Repasse por população;Bloco renda completo;XGBoost;2;-0.4084529161453247;0.09109494635437476;0.00600866386666894;0.0005158855088947348;0.01112
Repasse por população;Bloco renda completo;MLP;2;-0.008346891403198243;0.0048857790366908455;0.004334844602271915;0.0006126686754567903;0.01112
Repasse por população;Bloco renda completo;Regressão linear;3;-0.006111830366664917;0.0036174515339368308;0.002544615226905738;0.00022251222030604387;0.01089
Repasse por população;Bloco renda completo;XGBoost;3;-0.3238365650177002;0.06682738795551048;0.0033435672521591187;0.00029382657189903146;0.01089
Repasse por população;Bloco renda completo;MLP;3;-0.002390599250793457;0.0031070756533491885;0.002535182051360607;0.00022094995234003766;0.01089
Repasse por população;Bloco renda completo;Regressão linear;4;0.1884195592667719;0.04456500489325963;0.014453950821488962;0.003150128407077833;0.01122
Repasse por população;Bloco renda completo;XGBoost;4;-0.08919987678527833;0.05335688394108734;0.01927341315895319;0.003576234537216385;0.01122
Repasse por população;Bloco renda completo;MLP;4;-0.006057214736938476;0.004896749187653709;0.017769819870591164;0.0029438150854982762;0.01122
Repasse por população;Bloco saúde individual;Regressão linear;0;0.06983580448866325;0.03319622075071713;0.004804461188731556;0.00022163374664032034;0.01182
Repasse por população;Bloco saúde individual;XGBoost;0;0.016320407390594482;0.031852617164108775;0.005088744033128023;0.0003630058333274997;0.01182
Repasse por população;Bloco saúde individual;MLP;0;0.05842334032058716;0.036454437477019576;0.004861541744321585;0.000193121003294003;0.01182
Repasse por população;Bloco saúde individual;Regressão linear;1;0.2503186149942593;0.02728362310677142;0.014206941319535543;0.001113099865459779;0.00979
Repasse por população;Bloco saúde individual;XGBoost;1;0.2819571256637573;0.045873307229053535;0.013597291521728038;0.0012135354082825102;0.00979
Repasse por população;Bloco saúde individual;MLP;1;0.2993708372116089;0.04050995329440262;0.013270631432533264;0.0011281831097302113;0.00979
Repasse por população;Bloco saaúde resumido;Regressão linear;0;0.039762947635737754;0.01788108204967112;0.004119369537717056;0.00030802947437404534;0.00967
Repasse por população;Bloco saaúde resumido;XGBoost;0;-0.20041370391845703;0.10006153665036811;0.005149172153323889;0.0005702034893778562;0.00967
Repasse por população;Bloco saaúde resumido;MLP;0;0.04018445014953613;0.04150942356636593;0.004112274944782257;0.0002712767485925237;0.00967
Repasse por população;Bloco saaúde resumido;Regressão linear;1;0.08859610648396728;0.027540703434843092;0.009698209908960833;0.0008830916330730059;0.01059
Repasse por população;Bloco saaúde resumido;XGBoost;1;-0.12404408454895019;0.033826177800866795;0.011963507160544395;0.0011228780639157877;0.01059
Repasse por população;Bloco saaúde resumido;MLP;1;0.09657447338104248;0.0338208406141929;0.009613927640020847;0.0009203368300124971;0.01059
Repasse por população;Bloco saaúde resumido;Regressão linear;2;0.060239573201691064;0.03127354900566521;0.016173085103672463;0.0036669954629863733;0.01016
Repasse por população;Bloco saaúde resumido;XGBoost;2;-0.07444698810577392;0.12077055957091896;0.018327821418642996;0.003914532532824646;0.01016
Repasse por população;Bloco saaúde resumido;MLP;2;0.081109619140625;0.014175173121478287;0.015801610238850117;0.003429191736502454;0.01016
Repasse por população;Bloco saaúde resumido;Regressão linear;3;0.07669847630353918;0.010658939035847312;0.006524343692759565;0.0004020975054687154;0.01062
Repasse por população;Bloco saaúde resumido;XGBoost;3;-0.09933230876922608;0.036839093367587464;0.007756887935101986;0.0003473332905306176;0.01062
Repasse por população;Bloco saaúde resumido;MLP;3;0.1373286724090576;0.05657415219940009;0.006087587121874094;0.0004433332191154086;0.01062
Repasse por população;Bloco saúde completo;Regressão linear;0;0.018067711189884195;0.01547641800920944;0.013452436253086874;0.0012820431906881145;0.01132
Repasse por população;Bloco saúde completo;XGBoost;0;-0.042657124996185306;0.06465901063343274;0.014253017865121365;0.001340732848341521;0.01132
Repasse por população;Bloco saúde completo;MLP;0;0.03229565620422363;0.028265475296930125;0.013272979855537414;0.0014271049742203556;0.01132
Repasse por população;Bloco saúde completo;Regressão linear;1;0.07674857477074808;0.01985752011614051;0.01023078034006167;0.0003593039764028914;0.01223
Repasse por população;Bloco saúde completo;XGBoost;1;-0.07152886390686035;0.05225054130879294;0.011857717670500279;0.00023554106636155696;0.01223
Repasse por população;Bloco saúde completo;MLP;1;0.08057222366333008;0.018244967546406067;0.010189890675246716;0.0003871847971209639;0.01223
Repasse por população;Bloco saúde completo;Regressão linear;2;0.04632313859383894;0.035751704058231484;0.013878320839753957;0.0011110531026956637;0.01147
Repasse por população;Bloco saúde completo;XGBoost;2;0.02206566333770752;0.03124192654881473;0.01422348041087389;0.001052682827295454;0.01147
Repasse por população;Bloco saúde completo;MLP;2;0.09458266496658325;0.023905527631067423;0.013162458129227162;0.0008325841659598779;0.01147
Repasse por população;Todos atributos independentes;Regressão linear;0;0.16062904196675848;0.029703673854847557;0.012757041500703493;0.001240024782589656;0.01764
Repasse por população;Todos atributos independentes;XGBoost;0;0.43812023401260375;0.015998357690316538;0.008536639530211687;0.0007928222695399517;0.01764
Repasse por população;Todos atributos independentes;MLP;0;0.26578900814056394;0.02288304829366016;0.011189793422818183;0.0013801282360623426;0.01764
Repasse por população;Todos atributos independentes;Regressão linear;1;0.1366204103799286;0.022401520444477276;0.002724511553261598;0.00029723910075609984;0.01538
Repasse por população;Todos atributos independentes;XGBoost;1;0.3330961585044861;0.07627327126407933;0.0020881296368315816;0.00020085030402519573;0.01538
Repasse por população;Todos atributos independentes;MLP;1;0.09027296304702759;0.05186644535849415;0.0028513393364846705;8.593999415218564e-05;0.01538
Repasse por população;Todos atributos independentes;Regressão linear;2;0.09930866760695818;0.032058657793668136;0.01076465899310835;0.00065157685318534;0.01616
Repasse por população;Todos atributos independentes;XGBoost;2;0.2764790654182434;0.03551064304358914;0.00866301180794835;0.0007983013975875786;0.01616
Repasse por população;Todos atributos independentes;MLP;2;0.1540005087852478;0.04435927098802097;0.010094535909593106;0.0004320595523378208;0.01616
